-- phpMyAdmin SQL Dump
-- version 4.8.3
-- https://www.phpmyadmin.net/
--
-- Host: 127.0.0.1:3306
-- Generation Time: May 29, 2019 at 10:24 AM
-- Server version: 5.7.23
-- PHP Version: 7.1.22

SET SQL_MODE = "NO_AUTO_VALUE_ON_ZERO";
SET AUTOCOMMIT = 0;
START TRANSACTION;
SET time_zone = "+00:00";


/*!40101 SET @OLD_CHARACTER_SET_CLIENT=@@CHARACTER_SET_CLIENT */;
/*!40101 SET @OLD_CHARACTER_SET_RESULTS=@@CHARACTER_SET_RESULTS */;
/*!40101 SET @OLD_COLLATION_CONNECTION=@@COLLATION_CONNECTION */;
/*!40101 SET NAMES utf8mb4 */;

--
-- Database: `credit_sale_new_db`
--

-- --------------------------------------------------------

--
-- Table structure for table `account_type`
--

DROP TABLE IF EXISTS `account_type`;
CREATE TABLE IF NOT EXISTS `account_type` (
  `id` int(11) NOT NULL AUTO_INCREMENT,
  `name` varchar(255) DEFAULT NULL,
  `description` varchar(255) DEFAULT NULL,
  `deleted` int(11) DEFAULT NULL,
  `created_at` datetime DEFAULT NULL,
  `updated_at` datetime DEFAULT NULL,
  PRIMARY KEY (`id`)
) ENGINE=MyISAM AUTO_INCREMENT=2 DEFAULT CHARSET=utf8;

--
-- Dumping data for table `account_type`
--

INSERT INTO `account_type` (`id`, `name`, `description`, `deleted`, `created_at`, `updated_at`) VALUES
(1, 'Sana', 'Cutee', NULL, NULL, '2018-06-06 09:23:14');

-- --------------------------------------------------------

--
-- Table structure for table `cart_storage`
--

DROP TABLE IF EXISTS `cart_storage`;
CREATE TABLE IF NOT EXISTS `cart_storage` (
  `id` varchar(255) CHARACTER SET utf8mb4 COLLATE utf8mb4_unicode_ci NOT NULL,
  `cart_data` longtext CHARACTER SET utf8mb4 COLLATE utf8mb4_unicode_ci NOT NULL,
  `created_at` timestamp NULL DEFAULT NULL,
  `updated_at` timestamp NULL DEFAULT NULL
) ENGINE=MyISAM DEFAULT CHARSET=utf8;

--
-- Dumping data for table `cart_storage`
--

INSERT INTO `cart_storage` (`id`, `cart_data`, `created_at`, `updated_at`) VALUES
('50_cart_items', 'O:32:\"Darryldecode\\Cart\\CartCollection\":1:{s:8:\"\0*\0items\";a:1:{i:8;O:32:\"Darryldecode\\Cart\\ItemCollection\":2:{s:9:\"\0*\0config\";a:6:{s:14:\"format_numbers\";b:0;s:8:\"decimals\";i:0;s:9:\"dec_point\";s:1:\".\";s:13:\"thousands_sep\";s:1:\",\";s:7:\"storage\";s:19:\"App\\DatabaseStorage\";s:6:\"events\";N;}s:8:\"\0*\0items\";a:6:{s:2:\"id\";s:1:\"8\";s:4:\"name\";s:23:\"LG Electronics 32LN520B\";s:5:\"price\";d:150;s:8:\"quantity\";i:1;s:10:\"attributes\";O:41:\"Darryldecode\\Cart\\ItemAttributeCollection\":1:{s:8:\"\0*\0items\";a:10:{s:3:\"tax\";a:0:{}s:11:\"current_qty\";d:14;s:15:\"deposit_percent\";d:0.3;s:13:\"deposit_fixed\";d:45;s:16:\"credit_sale_cost\";d:105;s:8:\"discount\";i:0;s:11:\"item_bacode\";s:10:\"0000000008\";s:10:\"cost_price\";d:80;s:9:\"comission\";i:0;s:9:\"total_tax\";s:4:\"0.00\";}}s:10:\"conditions\";a:0:{}}}}}', '2018-08-15 01:16:09', '2019-05-28 03:03:26'),
('53_cart_items', 'a:0:{}', '2018-11-19 23:22:08', '2018-12-28 08:43:48'),
('54_cart_items', 'O:32:\"Darryldecode\\Cart\\CartCollection\":1:{s:8:\"\0*\0items\";a:1:{i:11;O:32:\"Darryldecode\\Cart\\ItemCollection\":2:{s:9:\"\0*\0config\";a:6:{s:14:\"format_numbers\";b:0;s:8:\"decimals\";i:0;s:9:\"dec_point\";s:1:\".\";s:13:\"thousands_sep\";s:1:\",\";s:7:\"storage\";s:19:\"App\\DatabaseStorage\";s:6:\"events\";N;}s:8:\"\0*\0items\";a:6:{s:2:\"id\";s:2:\"11\";s:4:\"name\";s:10:\"GR-A32(DS)\";s:5:\"price\";d:429;s:8:\"quantity\";i:1;s:10:\"attributes\";O:41:\"Darryldecode\\Cart\\ItemAttributeCollection\":1:{s:8:\"\0*\0items\";a:10:{s:3:\"tax\";a:0:{}s:11:\"current_qty\";d:1;s:15:\"deposit_percent\";d:0.299999999999999988897769753748434595763683319091796875;s:13:\"deposit_fixed\";d:128.69999999999998863131622783839702606201171875;s:16:\"credit_sale_cost\";d:300.30000000000001136868377216160297393798828125;s:8:\"discount\";s:1:\"0\";s:11:\"item_bacode\";s:10:\"0000000011\";s:10:\"cost_price\";s:6:\"365.00\";s:9:\"comission\";i:0;s:9:\"total_tax\";s:4:\"0.00\";}}s:10:\"conditions\";a:0:{}}}}}', '2019-05-17 20:16:42', '2019-05-25 00:51:55');

-- --------------------------------------------------------

--
-- Table structure for table `cs-cds-request-item`
--

DROP TABLE IF EXISTS `cs-cds-request-item`;
CREATE TABLE IF NOT EXISTS `cs-cds-request-item` (
  `id` int(11) NOT NULL AUTO_INCREMENT,
  `cds-request-id` int(11) DEFAULT NULL,
  `product-id` int(11) DEFAULT NULL,
  `barcode` varchar(255) CHARACTER SET latin1 DEFAULT NULL,
  `price-total-of-pro` decimal(30,0) DEFAULT NULL,
  `price-of-deposit-product` decimal(30,0) DEFAULT NULL,
  `price-total-for-pay` decimal(30,0) DEFAULT NULL,
  `qty` int(11) DEFAULT NULL,
  PRIMARY KEY (`id`)
) ENGINE=InnoDB DEFAULT CHARSET=utf8;

-- --------------------------------------------------------

--
-- Table structure for table `cs-co-give-item-client`
--

DROP TABLE IF EXISTS `cs-co-give-item-client`;
CREATE TABLE IF NOT EXISTS `cs-co-give-item-client` (
  `id` int(11) NOT NULL AUTO_INCREMENT,
  `user_id` int(11) DEFAULT NULL,
  `schedule_id` int(11) DEFAULT '0',
  `currency_id` int(11) DEFAULT '0',
  `staff_id` int(11) DEFAULT NULL,
  `client_id` int(11) DEFAULT NULL,
  `branch_id` int(11) DEFAULT NULL,
  `status` int(11) DEFAULT NULL COMMENT 'status [ 1 => Give to Client , 2 =. Give to Co , ''0'' => Client not Take, ''3'' => Not yet take ]',
  `active` int(11) DEFAULT NULL,
  `approve_by` int(11) DEFAULT NULL,
  `give_by` int(11) DEFAULT '0',
  `staff_give_id` int(11) DEFAULT '0',
  `num_give_to_client` varchar(255) DEFAULT NULL,
  `date_give_to_client` date DEFAULT NULL,
  `date_give` date DEFAULT NULL,
  `date_approval` date DEFAULT NULL,
  `comment` text,
  `comment_give_to_client` text,
  `deleted` int(11) DEFAULT NULL,
  `created_at` datetime DEFAULT NULL,
  `updated_at` datetime DEFAULT NULL,
  PRIMARY KEY (`id`)
) ENGINE=InnoDB AUTO_INCREMENT=20 DEFAULT CHARSET=utf8;

--
-- Dumping data for table `cs-co-give-item-client`
--

INSERT INTO `cs-co-give-item-client` (`id`, `user_id`, `schedule_id`, `currency_id`, `staff_id`, `client_id`, `branch_id`, `status`, `active`, `approve_by`, `give_by`, `staff_give_id`, `num_give_to_client`, `date_give_to_client`, `date_give`, `date_approval`, `comment`, `comment_give_to_client`, `deleted`, `created_at`, `updated_at`) VALUES
(4, 50, 11, 1, 50, 8, 2, 1, 1, 50, 50, 50, '220120191e', '2019-01-23', '2019-01-22', '2018-07-16', 'just  update request', 'Just update for now', 1, '2019-01-22 02:01:33', '2019-01-22 15:36:59'),
(5, 50, 13, 1, 52, 10, 2, 1, 1, 50, 53, 52, '2345', '2018-06-06', '2019-02-11', '2018-07-16', 'hello word', 'hello world', 1, '2019-02-11 03:02:05', '2019-02-11 16:16:38'),
(6, 50, 8, 1, 53, 1, 2, 1, 1, 52, 50, 53, '4567', '2018-06-06', '2019-02-11', '2018-06-06', 'hw', 'hello world', 1, '2019-02-11 04:02:33', '2019-02-11 16:19:44'),
(7, 50, 23, 1, 52, 12, 2, 1, 1, 50, 53, 50, '03032019N23', '2018-03-03', '2019-03-02', '2018-09-01', 'nyt', 'nwq', 1, '2019-03-02 06:03:37', '2019-03-02 18:06:58'),
(8, 50, 24, 1, 52, 13, 2, 1, 1, 50, 53, 50, '03032019N24', '2018-09-03', '2019-03-02', '2018-07-01', 'new', 'nwq', 1, '2019-03-02 06:03:02', '2019-03-02 18:10:01'),
(9, 50, 27, 1, 52, 9, 2, 1, 1, 50, 53, 53, '03032019N27', '2018-09-01', '2019-03-02', '2018-03-05', 'nwq', 'gftu', 1, '2019-03-02 06:03:19', '2019-03-02 18:28:49'),
(10, 50, 25, 1, 52, 15, 2, 2, 1, 50, 53, 0, NULL, NULL, '2019-03-02', '2018-03-01', 'n3rfd', NULL, 1, '2019-03-02 06:03:45', NULL),
(11, 50, 26, 1, 52, 14, 2, 2, 1, 50, 53, 0, NULL, NULL, '2019-03-04', '2018-03-01', 'nwq', NULL, 1, '2019-03-02 06:03:29', '2019-03-21 13:33:08'),
(12, 50, 29, 1, 52, 10, 2, 3, 1, 52, 53, 53, '23e545', '2018-09-01', '2019-03-03', '2018-09-01', 'sadsafa', 'new', 1, '2019-03-03 09:03:05', '2019-03-20 12:47:25'),
(13, 50, 33, 1, 50, 11, 2, 1, 1, 50, 50, 50, '000033', '2019-03-28', '2019-03-28', '2019-03-28', 'll', 'll', 1, '2019-03-28 03:03:32', '2019-03-28 03:52:44'),
(14, 50, 34, 1, 50, 11, 2, 1, 1, 50, 50, 50, '000034', '2019-04-05', '2019-04-05', '2019-04-05', 'allowed', 'allowed', 1, '2019-04-02 08:04:05', '2019-04-02 09:08:12'),
(15, 50, 35, 1, 50, 13, 2, 1, 1, 50, 50, 50, '000034', '2019-04-04', '2019-04-04', '2019-04-04', 'te', 'te', 1, '2019-04-02 09:04:41', '2019-04-02 09:19:02'),
(16, 50, 30, 1, 50, 18, 2, 1, 1, 50, 50, 50, '000030', '2019-04-04', '2019-04-05', '2019-03-24', 'te', 'tetetet', 1, '2019-04-03 01:04:36', '2019-04-03 01:36:59'),
(17, 50, 36, 1, 50, 14, 2, 1, 1, 50, 50, 50, '201936', '2019-04-04', '2019-04-04', '2019-04-04', 'give to co', 'give to client', 1, '2019-04-03 06:04:23', '2019-04-03 06:23:56'),
(18, 50, 40, 1, 50, 16, 2, 1, 1, 50, 50, 50, '000040', '2019-05-03', '2019-05-03', '2019-05-03', 'allowed', 'allowed', 1, '2019-05-03 04:05:31', '2019-05-03 04:11:59'),
(19, 50, 41, 1, 50, 21, 2, 1, 1, 50, 50, 50, '0041', '2019-05-18', '2019-05-18', '2019-05-17', 'llkk', 'cccaaaaa', 1, '2019-05-17 08:05:35', '2019-05-17 08:54:08');

-- --------------------------------------------------------

--
-- Table structure for table `cs-deposit-setting`
--

DROP TABLE IF EXISTS `cs-deposit-setting`;
CREATE TABLE IF NOT EXISTS `cs-deposit-setting` (
  `id` int(11) NOT NULL AUTO_INCREMENT,
  `user_id` int(11) DEFAULT NULL,
  `number` decimal(30,0) DEFAULT NULL,
  `num_of_percens` decimal(10,0) DEFAULT NULL,
  `note` text CHARACTER SET latin1,
  `deleted` int(11) DEFAULT NULL,
  `created_at` datetime DEFAULT NULL,
  `updated_at` datetime DEFAULT NULL,
  PRIMARY KEY (`id`)
) ENGINE=InnoDB DEFAULT CHARSET=utf8;

-- --------------------------------------------------------

--
-- Table structure for table `cs-history-logs`
--

DROP TABLE IF EXISTS `cs-history-logs`;
CREATE TABLE IF NOT EXISTS `cs-history-logs` (
  `id` int(11) NOT NULL AUTO_INCREMENT,
  `user_id` int(11) DEFAULT NULL,
  `ip_log` varchar(50) DEFAULT NULL,
  `active` varchar(250) DEFAULT NULL,
  `status` int(11) DEFAULT NULL,
  `what_id` int(11) DEFAULT NULL,
  `method` varchar(30) DEFAULT NULL,
  `create_date` datetime DEFAULT NULL,
  PRIMARY KEY (`id`)
) ENGINE=InnoDB AUTO_INCREMENT=335 DEFAULT CHARSET=utf8;

--
-- Dumping data for table `cs-history-logs`
--

INSERT INTO `cs-history-logs` (`id`, `user_id`, `ip_log`, `active`, `status`, `what_id`, `method`, `create_date`) VALUES
(1, 50, '::1', 'កែប្រែសិទ្ធិអ្នកប្រើប្រាស់', 3, 8, 'user group', '2018-04-07 03:04:18'),
(2, 50, '::1', 'លុបសិទ្ធិអ្នកប្រើប្រាស់', 2, 5, 'user group', '2018-04-07 03:04:04'),
(3, 50, '::1', 'លុបសិទ្ធិអ្នកប្រើប្រាស់', 2, 4, 'user group', '2018-04-07 03:04:06'),
(4, 50, '::1', 'លុបសិទ្ធិអ្នកប្រើប្រាស់', 2, 3, 'user group', '2018-04-07 03:04:09'),
(5, 50, '::1', 'លុបសិទ្ធិអ្នកប្រើប្រាស់', 2, 6, 'user group', '2018-04-07 03:04:11'),
(6, 50, '::1', 'បង្កើតអតិថិជនជាលក្ខណៈបុគ្គល', 2, 1, 'customer personal', '2018-04-19 08:04:07'),
(7, 50, '::1', 'បង្កើតអតិថិជនជាលក្ខណៈបុគ្គល', 2, 2, 'customer personal', '2018-04-19 09:04:33'),
(8, 50, '::1', 'បង្កើតអតិថិជនជាលក្ខណៈបុគ្គល', 2, 9, 'customer personal', '2018-04-20 10:04:06'),
(9, 50, '::1', 'បង្កើតអតិថិជនជាលក្ខណៈបុគ្គល', 2, 10, 'customer personal', '2018-04-20 10:04:49'),
(10, 50, '::1', 'កែប្រែសិទ្ធិអ្នកប្រើប្រាស់', 3, 8, 'user group', '2018-04-24 10:04:41'),
(11, 50, '::1', 'កែរប្រែរអតិថិជនជាលក្ខណៈបុគ្គល', 2, 9, 'customer personal', '2018-04-26 10:04:44'),
(12, 50, '::1', 'កែរប្រែរអតិថិជនជាលក្ខណៈបុគ្គល', 2, 9, 'customer personal', '2018-04-26 10:04:44'),
(13, 50, '::1', 'កែរប្រែរអតិថិជនជាលក្ខណៈបុគ្គល', 2, 9, 'customer personal', '2018-04-26 10:04:51'),
(14, 50, '::1', 'កែរប្រែរអតិថិជនជាលក្ខណៈបុគ្គល', 2, 9, 'customer personal', '2018-04-26 10:04:51'),
(15, 50, '::1', 'កែរប្រែរអតិថិជនជាលក្ខណៈបុគ្គល', 2, 9, 'customer personal', '2018-04-26 10:04:53'),
(16, 50, '::1', 'កែរប្រែរអតិថិជនជាលក្ខណៈបុគ្គល', 2, 9, 'customer personal', '2018-04-26 10:04:53'),
(17, 50, '::1', 'កែរប្រែរអតិថិជនជាលក្ខណៈបុគ្គល', 2, 9, 'customer personal', '2018-04-26 12:04:26'),
(18, 50, '::1', 'កែរប្រែរអតិថិជនជាលក្ខណៈបុគ្គល', 2, 9, 'customer personal', '2018-04-26 12:04:26'),
(19, 50, '::1', 'កែរប្រែរអតិថិជនជាលក្ខណៈបុគ្គល', 2, 9, 'customer personal', '2018-04-26 12:04:50'),
(20, 50, '::1', 'កែរប្រែរអតិថិជនជាលក្ខណៈបុគ្គល', 2, 9, 'customer personal', '2018-04-26 12:04:50'),
(21, 50, '::1', 'កែរប្រែរអតិថិជនជាលក្ខណៈបុគ្គល', 2, 9, 'customer personal', '2018-04-26 12:04:51'),
(22, 50, '::1', 'កែរប្រែរអតិថិជនជាលក្ខណៈបុគ្គល', 2, 9, 'customer personal', '2018-04-26 12:04:51'),
(23, 50, '::1', 'កែរប្រែរអតិថិជនជាលក្ខណៈបុគ្គល', 2, 9, 'customer personal', '2018-04-26 12:04:12'),
(24, 50, '::1', 'កែរប្រែរអតិថិជនជាលក្ខណៈបុគ្គល', 2, 9, 'customer personal', '2018-04-26 12:04:12'),
(25, 50, '::1', 'កែរប្រែរអតិថិជនជាលក្ខណៈបុគ្គល', 2, 10, 'customer personal', '2018-04-26 12:04:41'),
(26, 50, '::1', 'កែរប្រែរអតិថិជនជាលក្ខណៈបុគ្គល', 2, 10, 'customer personal', '2018-04-26 01:04:38'),
(27, 50, '::1', 'កែរប្រែរអតិថិជនជាលក្ខណៈបុគ្គល', 2, 9, 'customer personal', '2018-04-26 01:04:22'),
(28, 50, '::1', 'កែរប្រែរអតិថិជនជាលក្ខណៈបុគ្គល', 2, 9, 'customer personal', '2018-04-26 01:04:23'),
(29, 50, '::1', 'កែរប្រែរអតិថិជនជាលក្ខណៈបុគ្គល', 2, 10, 'customer personal', '2018-04-26 01:04:38'),
(30, 50, '::1', 'កែរប្រែរអតិថិជនជាលក្ខណៈបុគ្គល', 2, 10, 'customer personal', '2018-04-26 01:04:00'),
(31, 50, '::1', 'កែរប្រែរអតិថិជនជាលក្ខណៈបុគ្គល', 2, 9, 'customer personal', '2018-04-26 01:04:26'),
(32, 50, '::1', 'កែរប្រែរអតិថិជនជាលក្ខណៈបុគ្គល', 2, 9, 'customer personal', '2018-04-26 01:04:27'),
(33, 50, '::1', 'កែរប្រែរអតិថិជនជាលក្ខណៈបុគ្គល', 2, 9, 'customer personal', '2018-04-26 01:04:51'),
(34, 50, '::1', 'កែរប្រែរអតិថិជនជាលក្ខណៈបុគ្គល', 2, 10, 'customer personal', '2018-04-26 01:04:56'),
(35, 50, '::1', 'កែរប្រែរអតិថិជនជាលក្ខណៈបុគ្គល', 2, 10, 'customer personal', '2018-04-26 01:04:57'),
(36, 50, '::1', 'កែរប្រែរអតិថិជនជាលក្ខណៈបុគ្គល', 2, 10, 'customer personal', '2018-04-26 01:04:40'),
(37, 50, '::1', 'កែរប្រែរអតិថិជនជាលក្ខណៈបុគ្គល', 2, 10, 'customer personal', '2018-04-26 01:04:41'),
(38, 50, '::1', 'កែរប្រែរអតិថិជនជាលក្ខណៈបុគ្គល', 2, 10, 'customer personal', '2018-04-26 01:04:42'),
(39, 50, '::1', 'កែរប្រែរអតិថិជនជាលក្ខណៈបុគ្គល', 2, 9, 'customer personal', '2018-04-26 01:04:32'),
(40, 50, '::1', 'កែរប្រែរអតិថិជនជាលក្ខណៈបុគ្គល', 2, 9, 'customer personal', '2018-04-26 01:04:48'),
(41, 50, '::1', 'កែរប្រែរអតិថិជនជាលក្ខណៈបុគ្គល', 2, 9, 'customer personal', '2018-04-26 01:04:33'),
(42, 50, '::1', 'កែរប្រែរអតិថិជនជាលក្ខណៈបុគ្គល', 2, 10, 'customer personal', '2018-04-26 01:04:38'),
(43, 50, '::1', 'កែរប្រែរអតិថិជនជាលក្ខណៈបុគ្គល', 2, 10, 'customer personal', '2018-04-26 01:04:39'),
(44, 50, '::1', 'កែរប្រែរអតិថិជនជាលក្ខណៈបុគ្គល', 2, 9, 'customer personal', '2018-04-26 01:04:54'),
(45, 50, '::1', 'កែរប្រែរអតិថិជនជាលក្ខណៈបុគ្គល', 2, 9, 'customer personal', '2018-04-26 01:04:55'),
(46, 50, '::1', 'កែរប្រែរអតិថិជនជាលក្ខណៈបុគ្គល', 2, 10, 'customer personal', '2018-04-26 01:04:30'),
(47, 50, '::1', 'កែរប្រែរអតិថិជនជាលក្ខណៈបុគ្គល', 2, 9, 'customer personal', '2018-04-26 01:04:41'),
(48, 50, '::1', 'កែរប្រែរអតិថិជនជាលក្ខណៈបុគ្គល', 2, 9, 'customer personal', '2018-04-26 02:04:17'),
(49, 50, '::1', 'កែរប្រែរអតិថិជនជាលក្ខណៈបុគ្គល', 2, 10, 'customer personal', '2018-04-26 02:04:25'),
(50, 50, '::1', 'កែរប្រែរអតិថិជនជាលក្ខណៈបុគ្គល', 2, 9, 'customer personal', '2018-04-26 02:04:07'),
(51, 50, '::1', 'កែរប្រែរអតិថិជនជាលក្ខណៈបុគ្គល', 2, 9, 'customer personal', '2018-04-26 02:04:46'),
(52, 50, '::1', 'កែរប្រែរអតិថិជនជាលក្ខណៈបុគ្គល', 2, 10, 'customer personal', '2018-04-26 02:04:05'),
(53, 50, '::1', 'កែរប្រែរអតិថិជនជាលក្ខណៈបុគ្គល', 2, 9, 'customer personal', '2018-04-26 02:04:10'),
(54, 50, '::1', 'កែរប្រែរអតិថិជនជាលក្ខណៈបុគ្គល', 2, 10, 'customer personal', '2018-04-26 02:04:04'),
(55, 50, '::1', 'កែរប្រែរអតិថិជនជាលក្ខណៈបុគ្គល', 2, 2, 'customer personal', '2018-04-27 08:04:02'),
(56, 50, '::1', 'កែរប្រែរអតិថិជនជាលក្ខណៈបុគ្គល', 2, 9, 'customer personal', '2018-04-27 08:04:48'),
(57, 50, '::1', 'កែរប្រែរអតិថិជនជាលក្ខណៈបុគ្គល', 2, 2, 'customer personal', '2018-04-27 08:04:07'),
(58, 50, '::1', 'កែរប្រែរអតិថិជនជាលក្ខណៈបុគ្គល', 2, 1, 'customer personal', '2018-04-27 08:04:18'),
(59, 50, '::1', 'កែរប្រែរអតិថិជនជាលក្ខណៈបុគ្គល', 2, 1, 'customer personal', '2018-04-27 08:04:58'),
(60, 50, '::1', 'កែរប្រែរអតិថិជនជាលក្ខណៈបុគ្គល', 2, 3, 'customer personal', '2018-04-27 09:04:32'),
(61, 50, '::1', 'កែរប្រែរអតិថិជនជាលក្ខណៈបុគ្គល', 2, 5, 'customer personal', '2018-04-27 09:04:08'),
(62, 50, '::1', 'កែរប្រែរអតិថិជនជាលក្ខណៈបុគ្គល', 2, 4, 'customer personal', '2018-04-27 09:04:32'),
(63, 50, '::1', 'កែរប្រែរអតិថិជនជាលក្ខណៈបុគ្គល', 2, 6, 'customer personal', '2018-04-27 09:04:57'),
(64, 50, '::1', 'កែរប្រែរអតិថិជនជាលក្ខណៈបុគ្គល', 2, 7, 'customer personal', '2018-04-27 09:04:44'),
(65, 50, '::1', 'បង្កើតសាខារថ្មី', 2, 17, 'user', '2018-04-30 01:04:36'),
(66, 50, '::1', 'បង្កើតសាខារថ្មី', 2, 18, 'user', '2018-04-30 01:04:38'),
(67, 50, '::1', 'បង្កើតសាខារថ្មី', 2, 19, 'user', '2018-04-30 01:04:36'),
(68, 50, '::1', 'បង្កើតសាខារថ្មី', 2, 20, 'user', '2018-04-30 01:04:30'),
(69, 50, '::1', 'បង្កើតសាខារថ្មី', 2, 21, 'user', '2018-05-01 04:05:06'),
(70, 50, '::1', 'បង្កើតសាខារថ្មី', 2, 22, 'user', '2018-05-01 04:05:21'),
(71, 50, '::1', 'កែរប្រែរព័ត៌មានសាខា', 2, 3, 'brand', '2018-05-01 04:05:18'),
(72, 50, '::1', 'កែរប្រែរព័ត៌មានសាខា', 2, 4, 'brand', '2018-05-01 04:05:07'),
(73, 50, '::1', 'កែរប្រែរព័ត៌មានសាខា', 2, 5, 'brand', '2018-05-01 04:05:31'),
(74, 50, '::1', 'បង្កើតសាខារថ្មី', 2, 23, 'user', '2018-05-01 04:05:55'),
(75, 50, '::1', 'លុបព័ត៌មានសាខា', 2, 3, 'brand', '2018-05-01 05:05:26'),
(76, 50, '::1', 'លុបព័ត៌មានសាខា', 2, 19, 'brand', '2018-05-01 05:05:41'),
(77, 50, '::1', 'លុបព័ត៌មានសាខា', 2, 20, 'brand', '2018-05-01 05:05:46'),
(78, 50, '::1', 'លុបព័ត៌មានសាខា', 2, 15, 'brand', '2018-05-01 05:05:55'),
(79, 50, '::1', 'បង្កើតប្រភេទរបស់ផលិតផល', 2, 1, 'Category', '2018-05-01 06:05:42'),
(80, 50, '::1', 'បង្កើតប្រភេទរបស់ផលិតផល', 2, 2, 'Category', '2018-05-01 06:05:10'),
(81, 50, '::1', 'បង្កើតប្រភេទរបស់ផលិតផល', 2, 3, 'Category', '2018-05-01 06:05:03'),
(82, 50, '::1', 'បង្កើតប្រភេទរបស់ផលិតផល', 2, 4, 'Category', '2018-05-01 06:05:43'),
(83, 50, '::1', 'បង្កើតប្រភេទរបស់ផលិតផល', 2, 5, 'Category', '2018-05-01 06:05:28'),
(84, 50, '::1', 'បង្កើតប្រភេទរបស់ផលិតផល', 2, 6, 'Category', '2018-05-01 06:05:57'),
(85, 50, '::1', 'បង្កើតប្រភេទរបស់ផលិតផល', 2, 7, 'Category', '2018-05-01 06:05:18'),
(86, 50, '::1', 'បង្កើតប្រភេទរបស់ផលិតផល', 2, 8, 'Category', '2018-05-01 06:05:47'),
(87, 50, '::1', 'បង្កើតប្រភេទរបស់ផលិតផល', 2, 9, 'Category', '2018-05-01 06:05:57'),
(88, 50, '::1', 'លុបព័ត៌មានប្រភេទរបស់ផលិតផល', 2, 9, 'Category', '2018-05-01 06:05:01'),
(89, 50, '::1', 'កែរប្រែរព័ត៌មានប្រភេទរបស់ផលិតផល', 2, 8, 'Category', '2018-05-01 06:05:18'),
(90, 50, '::1', 'ការបង្កើតអ្នកផ្គត់ផ្គង់', 2, 1, 'Category', '2018-05-01 12:05:31'),
(91, 50, '::1', 'ការបង្កើតអ្នកផ្គត់ផ្គង់', 2, 1, 'Category', '2018-05-01 12:05:03'),
(92, 50, '::1', 'ការបង្កើតអ្នកផ្គត់ផ្គង់', 2, 2, 'Category', '2018-05-01 12:05:02'),
(93, 50, '::1', 'ការបង្កើតអ្នកផ្គត់ផ្គង់', 2, 3, 'Category', '2018-05-01 12:05:21'),
(94, 50, '::1', 'ការបង្កើតអ្នកផ្គត់ផ្គង់', 2, 4, 'Category', '2018-05-01 12:05:46'),
(95, 50, '::1', 'ការបង្កើតអ្នកផ្គត់ផ្គង់', 2, 5, 'Category', '2018-05-01 12:05:11'),
(96, 50, '::1', 'ការបង្កើតអ្នកផ្គត់ផ្គង់', 2, 6, 'Category', '2018-05-01 12:05:38'),
(97, 50, '::1', 'ការបង្កើតអ្នកផ្គត់ផ្គង់', 2, 7, 'Category', '2018-05-01 12:05:04'),
(98, 50, '::1', 'ការកែប្រែរព័ត៌មានអ្នកផ្គត់ផ្គង់', 2, 4, 'Category', '2018-05-01 01:05:23'),
(99, 50, '::1', 'លុបព័ត៌មានអ្នកផ្គត់ផ្គង់', 2, 7, 'brand', '2018-05-01 01:05:52'),
(100, 50, '::1', 'លុបព័ត៌មានអ្នកផ្គត់ផ្គង់', 2, 6, 'brand', '2018-05-01 01:05:15'),
(101, 50, '::1', 'ការកែប្រែរព័ត៌មានអ្នកផ្គត់ផ្គង់', 2, 5, 'Category', '2018-05-01 01:05:11'),
(102, 50, '::1', 'ការបង្កើតអ្នកផ្គត់ផ្គង់', 2, 8, 'Category', '2018-05-01 01:05:04'),
(103, 50, '::1', 'កែរប្រែរព័ត៌មានប្រភេទរបស់ផលិតផល', 2, 8, 'Category', '2018-05-18 09:05:35'),
(104, 50, '::1', 'ការបង្កើតផលិតផលថ្មី', 2, 3, 'items', '2018-05-18 09:05:42'),
(105, 50, '::1', 'ការកែប្រែរព័ត៌មានផលិតផល', 2, 3, 'items', '2018-05-18 10:05:46'),
(106, 50, '::1', 'ការកែប្រែរព័ត៌មានផលិតផល', 2, 3, 'items', '2018-05-18 10:05:23'),
(107, 50, '::1', 'ការបង្កើតផលិតផលថ្មី', 2, 4, 'items', '2018-05-18 10:05:34'),
(108, 50, '::1', 'កែប្រែមុខតំណែង', 3, 1, 'position', '2018-06-06 09:06:25'),
(109, 50, '::1', 'លុបមុខតំណែង', 4, 1, 'position', '2018-06-06 09:06:37'),
(110, 50, '::1', 'បង្កើតមុខតំណែង', 2, 14, 'position', '2018-06-06 09:06:46'),
(111, 50, '::1', 'លុបមុខតំណែង', 4, 14, 'position', '2018-06-06 09:06:56'),
(112, 50, '::1', 'ការបង្កើតផលិតផលថ្មី', 2, 5, 'items', '2018-07-15 05:07:50'),
(113, 50, '::1', 'បង្កើតប្រភេទរបស់ផលិតផល', 2, 9, 'Category', '2018-07-15 06:07:03'),
(114, 50, '::1', 'ការបង្កើតផលិតផលថ្មី', 2, 6, 'items', '2018-07-15 06:07:17'),
(115, 50, '::1', 'ការបង្កើតផលិតផលថ្មី', 2, 7, 'items', '2018-07-15 06:07:49'),
(116, 50, '::1', 'បង្កើតប្រភេទរបស់ផលិតផល', 2, 10, 'Category', '2018-07-15 06:07:33'),
(117, 50, '::1', 'បង្កើតប្រភេទរបស់ផលិតផល', 2, 11, 'Category', '2018-07-15 06:07:48'),
(118, 50, '::1', 'បង្កើតប្រភេទរបស់ផលិតផល', 2, 12, 'Category', '2018-07-15 06:07:50'),
(119, 50, '::1', 'បង្កើតប្រភេទរបស់ផលិតផល', 2, 13, 'Category', '2018-07-15 06:07:15'),
(120, 50, '::1', 'កែរប្រែរព័ត៌មានប្រភេទរបស់ផលិតផល', 2, 13, 'Category', '2018-07-15 06:07:24'),
(121, 50, '::1', 'បង្កើតប្រភេទរបស់ផលិតផល', 2, 14, 'Category', '2018-07-15 06:07:59'),
(122, 50, '::1', 'ការបង្កើតផលិតផលថ្មី', 2, 8, 'items', '2018-07-15 06:07:18'),
(123, 50, '::1', 'ការបង្កើតផលិតផលថ្មី', 2, 9, 'items', '2018-07-15 06:07:41'),
(124, 50, '::1', 'ការបង្កើតអ្នកផ្គត់ផ្គង់', 2, 9, 'Suppliers', '2018-08-14 02:08:04'),
(125, 50, '::1', 'ការបង្កើតអ្នកផ្គត់ផ្គង់', 2, 10, 'Suppliers', '2018-08-14 02:08:20'),
(126, 50, '::1', 'លុបព័ត៌មានអ្នកផ្គត់ផ្គង់', 2, 8, 'Suppliers', '2018-08-14 03:08:53'),
(127, 50, '::1', 'លុបព័ត៌មានអ្នកផ្គត់ផ្គង់', 2, 5, 'Suppliers', '2018-08-14 03:08:05'),
(128, 50, '::1', 'លុបព័ត៌មានអ្នកផ្គត់ផ្គង់', 2, 10, 'Suppliers', '2018-08-14 03:08:22'),
(129, 50, '::1', 'ការបង្កើតអ្នកផ្គត់ផ្គង់', 2, 11, 'Suppliers', '2018-08-14 03:08:44'),
(130, 50, '::1', 'លុបព័ត៌មានអ្នកផ្គត់ផ្គង់', 2, 11, 'Suppliers', '2018-08-14 03:08:08'),
(131, 50, '::1', 'ការបង្កើតអ្នកផ្គត់ផ្គង់', 2, 12, 'Suppliers', '2018-08-14 03:08:24'),
(132, 50, '::1', 'លុបព័ត៌មានអ្នកផ្គត់ផ្គង់', 2, 12, 'Suppliers', '2018-08-14 03:08:45'),
(133, 50, '::1', 'ការបង្កើតអ្នកផ្គត់ផ្គង់', 2, 13, 'Suppliers', '2018-08-14 04:08:43'),
(134, 50, '::1', 'លុបព័ត៌មានអ្នកផ្គត់ផ្គង់', 2, 13, 'Suppliers', '2018-08-14 04:08:02'),
(135, 50, '::1', 'ការបង្កើតអ្នកផ្គត់ផ្គង់', 2, 14, 'Suppliers', '2018-08-14 04:08:12'),
(136, 50, '::1', 'លុបព័ត៌មានអ្នកផ្គត់ផ្គង់', 2, 14, 'Suppliers', '2018-08-14 04:08:48'),
(137, 50, '::1', 'ការបង្កើតអ្នកផ្គត់ផ្គង់', 2, 15, 'Suppliers', '2018-08-14 04:08:55'),
(138, 50, '::1', 'លុបព័ត៌មានអ្នកផ្គត់ផ្គង់', 2, 15, 'Suppliers', '2018-08-14 04:08:10'),
(139, 50, '::1', 'ការបង្កើតអ្នកផ្គត់ផ្គង់', 2, 16, 'Suppliers', '2018-08-14 04:08:54'),
(140, 50, '::1', 'លុបព័ត៌មានអ្នកផ្គត់ផ្គង់', 2, 16, 'Suppliers', '2018-08-14 04:08:06'),
(141, 50, '::1', 'ការបង្កើតអ្នកផ្គត់ផ្គង់', 2, 17, 'Suppliers', '2018-08-14 04:08:39'),
(142, 50, '::1', 'លុបព័ត៌មានអ្នកផ្គត់ផ្គង់', 2, 17, 'Suppliers', '2018-08-14 04:08:10'),
(143, 50, '::1', 'ការបង្កើតអ្នកផ្គត់ផ្គង់', 2, 18, 'Suppliers', '2018-08-14 04:08:11'),
(144, 50, '::1', 'លុបព័ត៌មានអ្នកផ្គត់ផ្គង់', 2, 18, 'Suppliers', '2018-08-14 04:08:27'),
(145, 50, '::1', 'ការបង្កើតអ្នកផ្គត់ផ្គង់', 2, 19, 'Suppliers', '2018-08-14 04:08:39'),
(146, 50, '::1', 'លុបព័ត៌មានអ្នកផ្គត់ផ្គង់', 2, 19, 'Suppliers', '2018-08-14 04:08:20'),
(147, 50, '::1', 'ការបង្កើតអ្នកផ្គត់ផ្គង់', 2, 20, 'Suppliers', '2018-08-14 04:08:28'),
(148, 50, '::1', 'លុបព័ត៌មានអ្នកផ្គត់ផ្គង់', 2, 20, 'Suppliers', '2018-08-14 04:08:24'),
(149, 50, '::1', 'ការបង្កើតអ្នកផ្គត់ផ្គង់', 2, 21, 'Suppliers', '2018-08-14 04:08:21'),
(150, 50, '::1', 'ការបង្កើតអ្នកផ្គត់ផ្គង់', 2, 22, 'Suppliers', '2018-08-14 05:08:03'),
(151, 50, '::1', 'លុបព័ត៌មានអ្នកផ្គត់ផ្គង់', 2, 22, 'Suppliers', '2018-08-14 05:08:28'),
(152, 50, '::1', 'លុបព័ត៌មានអ្នកផ្គត់ផ្គង់', 2, 21, 'Suppliers', '2018-08-14 05:08:29'),
(153, 50, '::1', 'ការបង្កើតអ្នកផ្គត់ផ្គង់', 2, 23, 'Suppliers', '2018-08-14 05:08:11'),
(154, 50, '::1', 'លុបព័ត៌មានអ្នកផ្គត់ផ្គង់', 2, 23, 'Suppliers', '2018-08-14 05:08:44'),
(155, 50, '::1', 'ការបង្កើតអ្នកផ្គត់ផ្គង់', 2, 24, 'Suppliers', '2018-08-14 05:08:05'),
(156, 50, '::1', 'ការបង្កើតផលិតផលថ្មី', 2, 10, 'items', '2018-08-14 05:08:24'),
(157, 50, '::1', 'បង្កើតអ្នកប្រើប្រាស់', 2, 52, 'user', '2018-09-06 07:09:15'),
(158, 50, '::1', 'កែប្រែរអ្នកប្រើប្រាស់', 3, 50, 'user', '2018-09-06 07:09:30'),
(159, 52, '::1', 'កែប្រែរអ្នកប្រើប្រាស់', 3, 50, 'user', '2018-09-06 07:09:31'),
(160, 50, '::1', 'កែប្រែរអ្នកប្រើប្រាស់', 3, 52, 'user', '2018-09-06 07:09:58'),
(161, 50, '::1', 'ការបង្កើតផលិតផលថ្មី', 2, 11, 'items', '2018-10-18 06:10:02'),
(162, 50, '::1', 'បង្កើតអ្នកប្រើប្រាស់', 2, 53, 'user', '2018-11-19 10:11:29'),
(163, 50, '::1', 'បង្កើតការកំណត់ពិន័យ', 2, 2, 'penaty', '2019-02-06 04:02:37'),
(164, 50, '::1', 'កែប្រែការកំណត់ពិន័យ', 3, 1, 'penaty', '2019-02-06 04:02:55'),
(165, 50, '::1', 'បង្កើតការកំណត់ពិន័យ', 2, 3, 'penaty', '2019-02-08 02:02:13'),
(166, 50, '::1', 'បង្កើតការកំណត់ពិន័យ', 2, 4, 'penaty', '2019-02-08 02:02:07'),
(167, 50, '::1', 'បង្កើតការកំណត់ពិន័យ', 2, 5, 'penaty', '2019-02-08 02:02:52'),
(168, 50, '::1', 'បង្កើតការកំណត់ពិន័យ', 2, 6, 'penaty', '2019-02-08 02:02:47'),
(169, 50, '::1', 'បង្កើតអតិថិជនជាលក្ខណៈបុគ្គល', 2, 11, 'customer personal', '2019-02-17 06:02:29'),
(170, 50, '::1', 'បង្កើតអតិថិជនជាលក្ខណៈបុគ្គល', 2, 12, 'customer personal', '2019-03-02 04:03:36'),
(171, 50, '::1', 'បង្កើតអតិថិជនជាលក្ខណៈបុគ្គល', 2, 13, 'customer personal', '2019-03-02 04:03:55'),
(172, 50, '::1', 'បង្កើតអតិថិជនជាលក្ខណៈបុគ្គល', 2, 14, 'customer personal', '2019-03-02 04:03:22'),
(173, 50, '::1', 'បង្កើតអតិថិជនជាលក្ខណៈបុគ្គល', 2, 15, 'customer personal', '2019-03-02 04:03:00'),
(174, 50, '::1', 'បង្កើតអតិថិជនជាលក្ខណៈបុគ្គល', 2, 16, 'customer personal', '2019-03-02 04:03:02'),
(175, 50, '::1', 'បង្កើតអតិថិជនជាលក្ខណៈបុគ្គល', 2, 17, 'customer personal', '2019-03-10 04:03:55'),
(176, 50, '::1', 'បង្កើតអតិថិជនជាលក្ខណៈបុគ្គល', 2, 18, 'customer personal', '2019-03-10 04:03:50'),
(177, 50, '::1', 'ការបង្កើតផលិតផលថ្មី', 2, 12, 'items', '2019-03-21 02:03:17'),
(178, 50, '::1', 'ការបង្កើតផលិតផលថ្មី', 2, 13, 'items', '2019-03-21 02:03:27'),
(179, 50, '::1', 'ការបង្កើតផលិតផលថ្មី', 2, 14, 'items', '2019-03-21 02:03:03'),
(180, 50, '::1', 'ការបង្កើតផលិតផលថ្មី', 2, 15, 'items', '2019-03-21 02:03:56'),
(181, 50, '::1', 'បង្កើតអតិថិជនជាលក្ខណៈបុគ្គល', 2, 19, 'customer personal', '2019-03-21 03:03:36'),
(182, 50, '::1', 'កែប្រែកំណត់ការប្តូរប្រាក់', 3, 1, 'exchange rate', '2019-03-21 03:03:00'),
(183, 50, '::1', 'បង្កើតអ្នកធានា', 2, 8, 'customer', '2019-03-24 09:03:31'),
(184, 50, '::1', 'បង្កើតអ្នកធានា', 2, 9, 'customer', '2019-03-28 08:03:08'),
(185, 50, '::1', 'កែរប្រែរអតិថិជនជាលក្ខណៈបុគ្គល', 2, 18, 'customer personal', '2019-05-07 05:05:39'),
(186, 50, '::1', 'កែរប្រែរអតិថិជនជាលក្ខណៈបុគ្គល', 2, 18, 'customer personal', '2019-05-07 05:05:59'),
(187, 50, '::1', 'កែរប្រែរអតិថិជនជាលក្ខណៈបុគ្គល', 2, 17, 'customer personal', '2019-05-07 06:05:59'),
(188, 50, '::1', 'កែរប្រែរអតិថិជនជាលក្ខណៈបុគ្គល', 2, 17, 'customer personal', '2019-05-07 06:05:17'),
(189, 50, '::1', 'បង្កើតអ្នកធានា', 2, 1, 'customer', '2019-05-07 09:05:18'),
(190, 50, '::1', 'បង្កើតអ្នកធានា', 2, 1, 'customer', '2019-05-07 09:05:29'),
(191, 50, '::1', 'បង្កើតអ្នកធានា', 2, 1, 'customer', '2019-05-07 09:05:27'),
(192, 50, '::1', 'បង្កើតអ្នកធានា', 2, 1, 'customer', '2019-05-07 09:05:10'),
(193, 50, '::1', 'បង្កើតអ្នកធានា', 2, 1, 'customer', '2019-05-07 09:05:17'),
(194, 50, '::1', 'បង្កើតអ្នកធានា', 2, 1, 'customer', '2019-05-07 09:05:29'),
(195, 50, '::1', 'បង្កើតអ្នកធានា', 2, 1, 'customer', '2019-05-07 09:05:54'),
(196, 50, '::1', 'បង្កើតអ្នកធានា', 2, 1, 'customer', '2019-05-07 09:05:58'),
(197, 50, '::1', 'បង្កើតអ្នកធានា', 2, 1, 'customer', '2019-05-07 09:05:06'),
(198, 50, '::1', 'បង្កើតអតិថិជនជាលក្ខណៈបុគ្គល', 2, 20, 'customer personal', '2019-05-09 01:05:00'),
(199, 50, '::1', 'បង្កើតអ្នកធានា', 2, 10, 'customer', '2019-05-09 03:05:45'),
(200, 50, '::1', 'បង្កើតអ្នកធានា', 2, 11, 'customer', '2019-05-09 03:05:32'),
(201, 50, '::1', 'បង្កើតអ្នកធានា', 2, 12, 'customer', '2019-05-09 03:05:59'),
(202, 50, '::1', 'បង្កើតអ្នកធានា', 2, 13, 'customer', '2019-05-09 03:05:18'),
(203, 50, '::1', 'បង្កើតអ្នកធានា', 2, 14, 'customer', '2019-05-09 04:05:36'),
(204, 50, '::1', 'បង្កើតអ្នកធានា', 2, 15, 'customer', '2019-05-09 04:05:19'),
(205, 50, '::1', 'បង្កើតអ្នកធានា', 2, 16, 'customer', '2019-05-09 04:05:15'),
(206, 50, '::1', 'បង្កើតអ្នកធានា', 2, 17, 'customer', '2019-05-09 04:05:13'),
(207, 50, '::1', 'បង្កើតអ្នកធានា', 2, 18, 'customer', '2019-05-09 04:05:19'),
(208, 50, '::1', 'បង្កើតអ្នកធានា', 2, 19, 'customer', '2019-05-09 07:05:10'),
(209, 50, '::1', 'បង្កើតអ្នកធានា', 2, 20, 'customer', '2019-05-09 07:05:00'),
(210, 50, '::1', 'បង្កើតអ្នកធានា', 2, 21, 'customer', '2019-05-09 07:05:57'),
(211, 50, '::1', 'បង្កើតអ្នកធានា', 2, 22, 'customer', '2019-05-09 07:05:46'),
(212, 50, '::1', 'បង្កើតអ្នកធានា', 2, 23, 'customer', '2019-05-09 07:05:58'),
(213, 50, '::1', 'បង្កើតអ្នកធានា', 2, 24, 'customer', '2019-05-09 07:05:01'),
(214, 50, '::1', 'បង្កើតអ្នកធានា', 2, 25, 'customer', '2019-05-09 08:05:04'),
(215, 50, '::1', 'បង្កើតអ្នកធានា', 2, 26, 'customer', '2019-05-09 08:05:45'),
(216, 50, '::1', 'បង្កើតអ្នកធានា', 2, 27, 'customer', '2019-05-09 08:05:50'),
(217, 50, '::1', 'កែរប្រែរអ្នកធានា', 2, 27, 'customer personal', '2019-05-16 07:05:30'),
(218, 50, '::1', 'កែរប្រែរអ្នកធានា', 2, 26, 'customer personal', '2019-05-16 07:05:36'),
(219, 50, '::1', 'កែរប្រែរអ្នកធានា', 2, 19, 'customer personal', '2019-05-16 07:05:38'),
(220, 50, '::1', 'កែរប្រែរអ្នកធានា', 2, 20, 'customer personal', '2019-05-16 07:05:40'),
(221, 50, '::1', 'កែរប្រែរអ្នកធានា', 2, 21, 'customer personal', '2019-05-16 07:05:42'),
(222, 50, '::1', 'កែរប្រែរអ្នកធានា', 2, 22, 'customer personal', '2019-05-16 07:05:44'),
(223, 50, '::1', 'កែរប្រែរអ្នកធានា', 2, 23, 'customer personal', '2019-05-16 07:05:45'),
(224, 50, '::1', 'កែរប្រែរអ្នកធានា', 2, 24, 'customer personal', '2019-05-16 07:05:47'),
(225, 50, '::1', 'បង្កើតអ្នកធានា', 2, 28, 'customer', '2019-05-16 07:05:35'),
(226, 50, '::1', 'បង្កើតអ្នកធានា', 2, 29, 'customer', '2019-05-16 07:05:05'),
(227, 50, '::1', 'កែរប្រែរអ្នកធានា', 2, 25, 'customer personal', '2019-05-16 07:05:36'),
(228, 50, '::1', 'បង្កើតអ្នកធានា', 2, 30, 'customer', '2019-05-16 07:05:06'),
(229, 50, '::1', 'បង្កើតអ្នកធានា', 2, 31, 'customer', '2019-05-16 07:05:43'),
(230, 50, '::1', 'បង្កើតអ្នកធានា', 2, 32, 'customer', '2019-05-16 07:05:06'),
(231, 50, '::1', 'កែរប្រែរអ្នកធានា', 2, 29, 'customer personal', '2019-05-16 07:05:07'),
(232, 50, '::1', 'កែរប្រែរអ្នកធានា', 2, 30, 'customer personal', '2019-05-16 07:05:08'),
(233, 50, '::1', 'បង្កើតអ្នកធានា', 2, 33, 'customer', '2019-05-16 08:05:59'),
(234, 50, '::1', 'បង្កើតអ្នកធានា', 2, 34, 'customer', '2019-05-16 09:05:47'),
(235, 50, '::1', 'បង្កើតអ្នកធានា', 2, 1, 'customer', '2019-05-16 09:05:04'),
(236, 50, '::1', 'បង្កើតអ្នកធានា', 2, 1, 'customer', '2019-05-16 09:05:01'),
(237, 50, '::1', 'បង្កើតអ្នកធានា', 2, 1, 'customer', '2019-05-16 09:05:25'),
(238, 50, '::1', 'បង្កើតអ្នកធានា', 2, 1, 'customer', '2019-05-16 09:05:52'),
(239, 50, '::1', 'បង្កើតអ្នកធានា', 2, 1, 'customer', '2019-05-16 09:05:16'),
(240, 50, '::1', 'កែរប្រែរអ្នកធានា', 2, 31, 'customer personal', '2019-05-17 07:05:26'),
(241, 50, '::1', 'បង្កើតអ្នកធានា', 2, 1, 'customer', '2019-05-17 07:05:42'),
(242, 50, '::1', 'បង្កើតអ្នកធានា', 2, 1, 'customer', '2019-05-17 07:05:11'),
(243, 50, '::1', 'បង្កើតអ្នកធានា', 2, 1, 'customer', '2019-05-17 07:05:51'),
(244, 50, '::1', 'បង្កើតអ្នកធានា', 2, 1, 'customer', '2019-05-17 07:05:22'),
(245, 50, '::1', 'បង្កើតអ្នកធានា', 2, 1, 'customer', '2019-05-17 07:05:07'),
(246, 50, '::1', 'កែរប្រែរអ្នកធានា', 2, 33, 'customer personal', '2019-05-17 08:05:21'),
(247, 50, '::1', 'បង្កើតអតិថិជនជាលក្ខណៈបុគ្គល', 2, 21, 'customer personal', '2019-05-17 08:05:53'),
(248, 50, '220.158.151.31', 'បង្កើតអ្នកប្រើប្រាស់', 2, 54, 'user', '2019-05-18 02:05:57'),
(249, 54, '220.158.151.31', 'កែរប្រែរអតិថិជនជាលក្ខណៈបុគ្គល', 2, 21, 'customer personal', '2019-05-18 02:05:34'),
(250, 54, '220.158.151.31', 'កែរប្រែរអតិថិជនជាលក្ខណៈបុគ្គល', 2, 21, 'customer personal', '2019-05-18 02:05:35'),
(251, 54, '220.158.151.31', 'បង្កើតអ្នកធានា', 2, 35, 'customer', '2019-05-18 02:05:47'),
(252, 50, '220.158.151.31', 'បង្កើតអ្នកធានា', 2, 36, 'customer', '2019-05-18 02:05:47'),
(253, 54, '220.158.151.31', 'បង្កើតអ្នកធានា', 2, 37, 'customer', '2019-05-18 02:05:20'),
(254, 54, '220.158.151.31', 'កែរប្រែរអ្នកធានា', 2, 37, 'customer personal', '2019-05-18 02:05:36'),
(255, 54, '220.158.151.31', 'កែរប្រែរអតិថិជនជាលក្ខណៈបុគ្គល', 2, 21, 'customer personal', '2019-05-18 03:05:48'),
(256, 54, '220.158.151.31', 'បង្កើតអតិថិជនជាលក្ខណៈបុគ្គល', 2, 22, 'customer personal', '2019-05-18 03:05:34'),
(257, 54, '220.158.151.31', 'បង្កើតម៉ាករបស់ផលិតផលថ្មី', 2, 10, 'brand', '2019-05-18 03:05:07'),
(258, 54, '220.158.151.31', 'បង្កើតប្រភេទរបស់ផលិតផល', 2, 15, 'Category', '2019-05-18 03:05:39'),
(259, 54, '220.158.151.31', 'បង្កើតម៉ាករបស់ផលិតផលថ្មី', 2, 11, 'brand', '2019-05-18 03:05:37'),
(260, 54, '220.158.151.31', 'ការបង្កើតផលិតផលថ្មី', 2, 16, 'items', '2019-05-18 03:05:28'),
(261, 54, '220.158.151.31', 'ការកែប្រែរព័ត៌មានផលិតផល', 2, 16, 'items', '2019-05-18 03:05:22'),
(262, 54, '43.255.115.14', 'ការបង្កើតអ្នកផ្គត់ផ្គង់', 2, 25, 'Suppliers', '2019-05-21 01:05:23'),
(263, 54, '43.255.115.14', 'ការបង្កើតអ្នកផ្គត់ផ្គង់', 2, 26, 'Suppliers', '2019-05-21 01:05:36'),
(264, 54, '45.112.46.51', 'ការបង្កើតអ្នកផ្គត់ផ្គង់', 2, 27, 'Suppliers', '2019-05-24 08:05:07'),
(265, 54, '45.112.46.51', 'ការកែប្រែរព័ត៌មានអ្នកផ្គត់ផ្គង់', 2, 27, 'Suppliers', '2019-05-24 08:05:05'),
(266, 54, '45.112.46.51', 'លុបព័ត៌មានអ្នកផ្គត់ផ្គង់', 2, 25, 'Suppliers', '2019-05-24 08:05:22'),
(267, 54, '45.112.46.51', 'ការកែប្រែរព័ត៌មានអ្នកផ្គត់ផ្គង់', 2, 26, 'Suppliers', '2019-05-24 08:05:19'),
(268, 54, '45.112.46.51', 'ការកែប្រែរព័ត៌មានអ្នកផ្គត់ផ្គង់', 2, 24, 'Suppliers', '2019-05-24 08:05:59'),
(269, 54, '45.112.46.51', 'លុបព័ត៌មានអ្នកផ្គត់ផ្គង់', 2, 9, 'Suppliers', '2019-05-24 08:05:25'),
(270, 54, '45.112.46.51', 'លុបព័ត៌មានអ្នកផ្គត់ផ្គង់', 2, 4, 'Suppliers', '2019-05-24 08:05:29'),
(271, 54, '45.112.46.51', 'លុបព័ត៌មានអ្នកផ្គត់ផ្គង់', 2, 3, 'Suppliers', '2019-05-24 08:05:31'),
(272, 54, '45.112.46.51', 'លុបព័ត៌មានអ្នកផ្គត់ផ្គង់', 2, 2, 'Suppliers', '2019-05-24 08:05:33'),
(273, 54, '45.112.46.51', 'លុបព័ត៌មានអ្នកផ្គត់ផ្គង់', 2, 1, 'Suppliers', '2019-05-24 08:05:35'),
(274, 54, '45.112.46.51', 'ការកែប្រែរព័ត៌មានអ្នកផ្គត់ផ្គង់', 2, 27, 'Suppliers', '2019-05-24 08:05:59'),
(275, 54, '45.112.46.51', 'កែរប្រែរព័ត៌មានម៉ាករបស់ផលិតផល', 2, 4, 'brand', '2019-05-24 08:05:35'),
(276, 54, '45.112.46.51', 'លុបព័ត៌មានម៉ាករបស់ផលិតផល', 2, 5, 'brand', '2019-05-24 08:05:42'),
(277, 54, '45.112.46.51', 'កែរប្រែរព័ត៌មានម៉ាករបស់ផលិតផល', 2, 6, 'brand', '2019-05-24 08:05:03'),
(278, 54, '45.112.46.51', 'កែរប្រែរព័ត៌មានម៉ាករបស់ផលិតផល', 2, 7, 'brand', '2019-05-24 08:05:15'),
(279, 54, '45.112.46.51', 'កែរប្រែរព័ត៌មានម៉ាករបស់ផលិតផល', 2, 8, 'brand', '2019-05-24 08:05:29'),
(280, 54, '45.112.46.51', 'កែរប្រែរព័ត៌មានម៉ាករបស់ផលិតផល', 2, 9, 'brand', '2019-05-24 08:05:54'),
(281, 54, '45.112.46.51', 'លុបព័ត៌មានម៉ាករបស់ផលិតផល', 2, 10, 'brand', '2019-05-24 08:05:08'),
(282, 54, '45.112.46.51', 'កែរប្រែរព័ត៌មានម៉ាករបស់ផលិតផល', 2, 11, 'brand', '2019-05-24 08:05:43'),
(283, 54, '45.112.46.51', 'កែរប្រែរព័ត៌មានប្រភេទរបស់ផលិតផល', 2, 1, 'Category', '2019-05-24 08:05:27'),
(284, 54, '45.112.46.51', 'កែរប្រែរព័ត៌មានប្រភេទរបស់ផលិតផល', 2, 2, 'Category', '2019-05-24 08:05:52'),
(285, 54, '45.112.46.51', 'កែរប្រែរព័ត៌មានប្រភេទរបស់ផលិតផល', 2, 2, 'Category', '2019-05-24 08:05:08'),
(286, 54, '45.112.46.51', 'កែរប្រែរព័ត៌មានប្រភេទរបស់ផលិតផល', 2, 3, 'Category', '2019-05-24 08:05:49'),
(287, 54, '45.112.46.51', 'កែរប្រែរព័ត៌មានប្រភេទរបស់ផលិតផល', 2, 4, 'Category', '2019-05-24 08:05:41'),
(288, 54, '45.112.46.51', 'កែរប្រែរព័ត៌មានប្រភេទរបស់ផលិតផល', 2, 5, 'Category', '2019-05-24 08:05:15'),
(289, 54, '45.112.46.51', 'កែរប្រែរព័ត៌មានប្រភេទរបស់ផលិតផល', 2, 6, 'Category', '2019-05-24 08:05:08'),
(290, 54, '45.112.46.51', 'កែរប្រែរព័ត៌មានប្រភេទរបស់ផលិតផល', 2, 7, 'Category', '2019-05-24 08:05:48'),
(291, 54, '45.112.46.51', 'លុបព័ត៌មានប្រភេទរបស់ផលិតផល', 2, 8, 'Category', '2019-05-24 08:05:54'),
(292, 54, '45.112.46.51', 'លុបព័ត៌មានប្រភេទរបស់ផលិតផល', 2, 9, 'Category', '2019-05-24 08:05:01'),
(293, 54, '45.112.46.51', 'លុបព័ត៌មានប្រភេទរបស់ផលិតផល', 2, 10, 'Category', '2019-05-24 08:05:09'),
(294, 54, '45.112.46.51', 'លុបព័ត៌មានប្រភេទរបស់ផលិតផល', 2, 11, 'Category', '2019-05-24 08:05:15'),
(295, 54, '45.112.46.51', 'លុបព័ត៌មានប្រភេទរបស់ផលិតផល', 2, 12, 'Category', '2019-05-24 08:05:21'),
(296, 54, '45.112.46.51', 'លុបព័ត៌មានប្រភេទរបស់ផលិតផល', 2, 13, 'Category', '2019-05-24 08:05:27'),
(297, 54, '45.112.46.51', 'លុបព័ត៌មានប្រភេទរបស់ផលិតផល', 2, 14, 'Category', '2019-05-24 08:05:32'),
(298, 54, '45.112.46.51', 'លុបព័ត៌មានប្រភេទរបស់ផលិតផល', 2, 15, 'Category', '2019-05-24 08:05:38'),
(299, 54, '45.112.46.51', 'កែរប្រែរអតិថិជនជាលក្ខណៈបុគ្គល', 2, 21, 'customer personal', '2019-05-24 08:05:59'),
(300, 54, '45.112.46.51', 'ការបង្កើតផលិតផលថ្មី', 2, 17, 'items', '2019-05-24 08:05:06'),
(301, 54, '45.112.46.51', 'ការកែប្រែរព័ត៌មានផលិតផល', 2, 17, 'items', '2019-05-24 08:05:13'),
(302, 54, '45.112.46.51', 'ការកែប្រែរព័ត៌មានផលិតផល', 2, 11, 'items', '2019-05-24 08:05:15'),
(303, 54, '45.112.46.51', 'ការកែប្រែរព័ត៌មានផលិតផល', 2, 5, 'items', '2019-05-24 08:05:11'),
(304, 54, '45.112.46.51', 'ការកែប្រែរព័ត៌មានផលិតផល', 2, 5, 'items', '2019-05-24 08:05:03'),
(305, 54, '45.112.46.51', 'ការកែប្រែរព័ត៌មានផលិតផល', 2, 5, 'items', '2019-05-24 08:05:25'),
(306, 54, '45.112.46.51', 'លុបព័ត៌មានផលិតផល', 2, 5, 'item', '2019-05-24 08:05:33'),
(307, 54, '45.112.46.51', 'ការបង្កើតផលិតផលថ្មី', 2, 18, 'items', '2019-05-24 08:05:18'),
(308, 54, '43.255.115.14', 'ការបង្កើតផលិតផលថ្មី', 2, 19, 'items', '2019-05-25 02:05:25'),
(309, 54, '43.255.115.14', 'ការបង្កើតផលិតផលថ្មី', 2, 20, 'items', '2019-05-25 02:05:49'),
(310, 54, '43.255.115.14', 'ការបង្កើតផលិតផលថ្មី', 2, 21, 'items', '2019-05-25 02:05:50'),
(311, 54, '43.255.115.14', 'កែរប្រែរព័ត៌មានប្រភេទរបស់ផលិតផល', 2, 4, 'Category', '2019-05-25 02:05:08'),
(312, 54, '43.255.115.14', 'បង្កើតប្រភេទរបស់ផលិតផល', 2, 16, 'Category', '2019-05-25 02:05:34'),
(313, 54, '43.255.115.14', 'កែរប្រែរព័ត៌មានប្រភេទរបស់ផលិតផល', 2, 4, 'Category', '2019-05-25 02:05:47'),
(314, 54, '43.255.115.14', 'កែរប្រែរព័ត៌មានប្រភេទរបស់ផលិតផល', 2, 4, 'Category', '2019-05-25 02:05:47'),
(315, 54, '43.255.115.14', 'ការបង្កើតផលិតផលថ្មី', 2, 22, 'items', '2019-05-25 02:05:31'),
(316, 54, '43.255.115.14', 'ការបង្កើតផលិតផលថ្មី', 2, 23, 'items', '2019-05-25 02:05:37'),
(317, 54, '220.158.151.31', 'បង្កើតអតិថិជនជាលក្ខណៈបុគ្គល', 2, 23, 'customer personal', '2019-05-25 07:05:05'),
(318, 54, '220.158.151.31', 'បង្កើតអ្នកធានា', 2, 39, 'customer', '2019-05-25 07:05:33'),
(319, 54, '220.158.151.31', 'បង្កើតអ្នកធានា', 2, 38, 'customer', '2019-05-25 07:05:33'),
(320, 54, '220.158.151.31', 'បង្កើតអ្នកធានា', 2, 40, 'customer', '2019-05-25 07:05:33'),
(321, 54, '220.158.151.31', 'បង្កើតអ្នកធានា', 2, 41, 'customer', '2019-05-25 07:05:34'),
(322, 54, '220.158.151.31', 'កែរប្រែរអ្នកធានា', 2, 41, 'customer personal', '2019-05-25 07:05:30'),
(323, 54, '220.158.151.31', 'កែរប្រែរអ្នកធានា', 2, 40, 'customer personal', '2019-05-25 07:05:31'),
(324, 54, '220.158.151.31', 'កែរប្រែរអ្នកធានា', 2, 39, 'customer personal', '2019-05-25 07:05:49'),
(325, 50, '::1', 'បង្កើតអ្នកធានា', 2, 42, 'customer', '2019-05-27 07:05:29'),
(326, 50, '::1', 'កែរប្រែរអតិថិជនជាលក្ខណៈបុគ្គល', 2, 23, 'customer personal', '2019-05-29 07:05:15'),
(327, 50, '::1', 'កែរប្រែរអតិថិជនជាលក្ខណៈបុគ្គល', 2, 23, 'customer personal', '2019-05-29 07:05:48'),
(328, 50, '::1', 'បង្កើតអ្នកធានា', 2, 1, 'customer', '2019-05-29 07:05:01'),
(329, 50, '::1', 'បង្កើតអ្នកធានា', 2, 1, 'customer', '2019-05-29 08:05:30'),
(330, 50, '::1', 'បង្កើតអ្នកធានា', 2, 1, 'customer', '2019-05-29 08:05:58'),
(331, 50, '::1', 'បង្កើតអ្នកធានា', 2, 1, 'customer', '2019-05-29 09:05:34'),
(332, 50, '::1', 'បង្កើតអ្នកធានា', 2, 1, 'customer', '2019-05-29 09:05:53'),
(333, 50, '::1', 'បង្កើតអ្នកធានា', 2, 1, 'customer', '2019-05-29 09:05:33'),
(334, 50, '::1', 'បង្កើតអ្នកធានា', 2, 1, 'customer', '2019-05-29 09:05:43');

-- --------------------------------------------------------

--
-- Table structure for table `cs-instocks`
--

DROP TABLE IF EXISTS `cs-instocks`;
CREATE TABLE IF NOT EXISTS `cs-instocks` (
  `id` int(11) NOT NULL AUTO_INCREMENT,
  `item_id` int(11) DEFAULT NULL,
  `user_id` int(11) DEFAULT NULL,
  `branch_id` int(11) DEFAULT NULL,
  `size` varchar(60) CHARACTER SET latin1 DEFAULT NULL,
  `qty` decimal(30,0) DEFAULT NULL,
  `status` int(11) DEFAULT NULL,
  `deleted` int(11) DEFAULT NULL,
  `date_include` date DEFAULT NULL,
  `created_at` datetime DEFAULT NULL,
  `updated_at` datetime DEFAULT NULL,
  PRIMARY KEY (`id`)
) ENGINE=InnoDB DEFAULT CHARSET=utf8;

-- --------------------------------------------------------

--
-- Table structure for table `cs-interest-crdit-sell`
--

DROP TABLE IF EXISTS `cs-interest-crdit-sell`;
CREATE TABLE IF NOT EXISTS `cs-interest-crdit-sell` (
  `id` int(11) NOT NULL AUTO_INCREMENT,
  `branch_id` int(11) DEFAULT NULL,
  `user_id` int(11) DEFAULT NULL,
  `rate-name` varchar(255) CHARACTER SET latin1 DEFAULT NULL,
  `size_money_from` decimal(30,0) DEFAULT NULL,
  `size_money_to` decimal(30,0) DEFAULT NULL,
  `day_rate_villige` decimal(30,0) DEFAULT NULL,
  `weekly_rate_villige` decimal(30,0) DEFAULT NULL,
  `two_weekly_rate_villige` decimal(30,0) DEFAULT NULL,
  `monthly_rate_villige` decimal(30,0) DEFAULT NULL,
  `day_rate_brand` decimal(30,0) DEFAULT NULL,
  `weekly_rate_brand` decimal(30,0) DEFAULT NULL,
  `two_weekly_brand` decimal(30,0) DEFAULT NULL,
  `monthly_rate_brand` decimal(30,0) DEFAULT NULL,
  `duration` varchar(255) CHARACTER SET latin1 DEFAULT NULL,
  `date` date DEFAULT NULL,
  `status` int(11) DEFAULT NULL,
  `methot description` text CHARACTER SET latin1,
  `deleted` int(11) DEFAULT NULL,
  `created_at` datetime DEFAULT NULL,
  `updated_at` datetime DEFAULT NULL,
  PRIMARY KEY (`id`)
) ENGINE=InnoDB DEFAULT CHARSET=utf8;

-- --------------------------------------------------------

--
-- Table structure for table `cs-inventorys`
--

DROP TABLE IF EXISTS `cs-inventorys`;
CREATE TABLE IF NOT EXISTS `cs-inventorys` (
  `id` int(11) NOT NULL AUTO_INCREMENT,
  `item_id` int(11) DEFAULT '0',
  `branch_id` int(11) DEFAULT NULL,
  `user_id` int(11) DEFAULT NULL,
  `comment` text,
  `status_product` int(11) DEFAULT NULL,
  `status_transation` varchar(11) DEFAULT NULL,
  `spacifies` int(11) DEFAULT '0',
  `qty` float(30,2) DEFAULT '0.00',
  `qty_free` double DEFAULT '0',
  `size` varchar(60) DEFAULT NULL,
  `deleted` int(11) DEFAULT NULL,
  `created_at` datetime DEFAULT NULL,
  `updated_at` datetime DEFAULT NULL,
  PRIMARY KEY (`id`)
) ENGINE=InnoDB AUTO_INCREMENT=114 DEFAULT CHARSET=utf8;

--
-- Dumping data for table `cs-inventorys`
--

INSERT INTO `cs-inventorys` (`id`, `item_id`, `branch_id`, `user_id`, `comment`, `status_product`, `status_transation`, `spacifies`, `qty`, `qty_free`, `size`, `deleted`, `created_at`, `updated_at`) VALUES
(1, 3, 2, 50, NULL, NULL, 'add new', 0, 5.00, 0, NULL, NULL, NULL, '2018-05-18 10:34:22'),
(2, 4, 2, 50, NULL, NULL, 'add new', 0, 10.00, 0, NULL, NULL, NULL, NULL),
(5, 3, 2, 50, NULL, NULL, 'Sale', 8, -1.00, 0, NULL, NULL, NULL, NULL),
(6, 4, 2, 50, NULL, NULL, 'Sale', 8, -1.00, 0, NULL, NULL, NULL, NULL),
(9, 4, 2, 50, NULL, NULL, 'Sale', 11, -2.00, 0, NULL, NULL, NULL, NULL),
(11, 6, 2, 50, NULL, NULL, 'add new', 0, 10.00, 0, NULL, NULL, NULL, NULL),
(12, 7, 2, 50, NULL, NULL, 'add new', 0, 10.00, 0, NULL, NULL, NULL, NULL),
(13, 8, 2, 50, NULL, NULL, 'add new', 0, 10.00, 0, NULL, NULL, NULL, NULL),
(14, 9, 2, 50, NULL, NULL, 'add new', 0, 10.00, 0, NULL, NULL, NULL, NULL),
(15, 6, 2, 50, NULL, NULL, 'Sale', 12, -1.00, 0, NULL, NULL, NULL, NULL),
(16, 8, 2, 50, NULL, NULL, 'Sale', 12, -1.00, 0, NULL, NULL, NULL, NULL),
(17, 7, 2, 50, NULL, NULL, 'Sale', 12, -1.00, 0, NULL, NULL, NULL, NULL),
(18, 8, 2, 50, NULL, NULL, 'Sale', 13, -1.00, 0, NULL, NULL, NULL, NULL),
(19, 9, 2, 50, NULL, NULL, 'Sale', 13, -1.00, 0, NULL, NULL, NULL, NULL),
(20, 10, 2, 50, NULL, NULL, 'add new', 0, 10.00, 0, NULL, NULL, NULL, NULL),
(35, 3, 2, 50, NULL, NULL, 'receiving', 20, 6.00, 0, NULL, NULL, '2018-09-06 05:09:18', '2018-09-06 05:09:18'),
(36, 3, 2, 53, NULL, NULL, 'receiving', 22, 10.00, 0, NULL, NULL, '2018-12-28 03:12:24', '2018-12-28 03:12:24'),
(37, 11, 2, 54, NULL, NULL, 'add new', 22, 1.00, 0, NULL, NULL, '2018-12-28 03:12:24', '2019-05-24 08:44:15'),
(38, 8, 2, 53, NULL, NULL, 'receiving', 22, 10.00, 0, NULL, NULL, '2018-12-28 03:12:24', '2018-12-28 03:12:24'),
(43, 3, 2, 50, NULL, NULL, 'Sale', 14, -1.00, 0, NULL, NULL, NULL, NULL),
(47, 3, 2, 50, NULL, NULL, 'Sale', 9, -10.00, 0, NULL, NULL, NULL, NULL),
(49, 8, 2, 50, NULL, NULL, 'Sale', 9, -2.00, 0, NULL, NULL, NULL, NULL),
(50, 3, 2, 50, NULL, NULL, 'Sale', 15, 1.00, 0, NULL, NULL, NULL, NULL),
(51, 4, 2, 50, NULL, NULL, 'Sale', 15, 1.00, 0, NULL, NULL, NULL, NULL),
(53, 3, 2, 50, NULL, NULL, 'Sale', 16, 1.00, 0, NULL, NULL, NULL, NULL),
(63, 3, 2, 50, NULL, NULL, 'Sale', 21, 10.00, 0, NULL, NULL, NULL, NULL),
(65, 8, 2, 50, NULL, NULL, 'Sale', 21, 2.00, 0, NULL, NULL, NULL, NULL),
(66, 8, 2, 50, NULL, NULL, 'Sale', 22, 1.00, 0, NULL, NULL, NULL, NULL),
(67, 9, 2, 50, NULL, NULL, 'Sale', 22, 1.00, 0, NULL, NULL, NULL, NULL),
(68, 6, 2, 50, NULL, NULL, 'Sale', 23, -1.00, 0, NULL, NULL, NULL, NULL),
(69, 8, 2, 50, NULL, NULL, 'Sale', 24, -1.00, 0, NULL, NULL, NULL, NULL),
(70, 9, 2, 50, NULL, NULL, 'Sale', 25, -1.00, 0, NULL, NULL, NULL, NULL),
(71, 10, 2, 50, NULL, NULL, 'Sale', 26, -1.00, 0, NULL, NULL, NULL, NULL),
(72, 7, 2, 50, NULL, NULL, 'Sale', 27, -1.00, 0, NULL, NULL, NULL, NULL),
(73, 7, 2, 50, NULL, NULL, 'Sale', 28, -1.00, 0, NULL, NULL, NULL, NULL),
(74, 8, 2, 50, NULL, NULL, 'Sale', 29, -1.00, 0, NULL, NULL, NULL, NULL),
(75, 6, 2, 50, NULL, NULL, 'receiving', 21, 1.00, 0, NULL, NULL, '2019-03-03 09:03:09', '2019-03-03 09:03:09'),
(76, 7, 2, 50, NULL, NULL, 'receiving', 21, 1.00, 0, NULL, NULL, '2019-03-03 09:03:09', '2019-03-03 09:03:09'),
(77, 6, 2, 50, NULL, NULL, 'receiving', 24, 10.00, 0, NULL, NULL, '2019-03-16 08:03:26', '2019-03-16 08:03:26'),
(78, 12, 2, 50, NULL, NULL, 'add new', 0, 5.00, 0, NULL, NULL, NULL, NULL),
(79, 13, 2, 50, NULL, NULL, 'add new', 0, 10.00, 0, NULL, NULL, NULL, NULL),
(80, 14, 2, 50, NULL, NULL, 'add new', 0, 10.00, 0, NULL, NULL, NULL, NULL),
(81, 15, 2, 50, NULL, NULL, 'add new', 0, 5.00, 0, NULL, NULL, NULL, NULL),
(82, 6, 2, 50, NULL, NULL, 'Sale', 30, -1.00, 0, NULL, NULL, NULL, NULL),
(86, 10, 2, 50, NULL, NULL, 'Sale', 33, -2.00, 0, NULL, NULL, NULL, NULL),
(87, 4, 2, 50, NULL, NULL, 'Sale', 33, -2.00, 0, NULL, NULL, NULL, NULL),
(89, 10, 2, 50, NULL, NULL, 'Sale', 35, -1.00, 0, NULL, NULL, NULL, NULL),
(90, 6, 2, 50, NULL, NULL, 'Sale', 36, -1.00, 0, NULL, NULL, NULL, NULL),
(91, 8, 2, 50, NULL, NULL, 'Sale', 37, -1.00, 0, NULL, NULL, NULL, NULL),
(92, 6, 2, 50, NULL, NULL, 'Sale', 38, -2.00, 0, NULL, NULL, NULL, NULL),
(93, 8, 2, 50, NULL, NULL, 'Sale', 38, -1.00, 0, NULL, NULL, NULL, NULL),
(94, 7, 2, 50, NULL, NULL, 'Sale', 39, -1.00, 0, NULL, NULL, NULL, NULL),
(95, 13, 2, 50, NULL, NULL, 'Sale', 39, -1.00, 0, NULL, NULL, NULL, NULL),
(96, 8, 2, 50, NULL, NULL, 'Sale', 40, -1.00, 0, NULL, NULL, NULL, NULL),
(97, 7, 2, 50, NULL, NULL, 'Sale', 40, -1.00, 0, NULL, NULL, NULL, NULL),
(98, 6, 2, 50, NULL, NULL, 'Sale', 40, -2.00, 0, NULL, NULL, NULL, NULL),
(99, 7, 2, 50, NULL, NULL, 'Sale', 41, -1.00, 0, NULL, NULL, NULL, NULL),
(100, 3, 2, 50, NULL, NULL, 'Sale', 41, -2.00, 0, NULL, NULL, NULL, NULL),
(101, 16, 2, 54, NULL, NULL, 'add new', 0, 10.00, 0, NULL, NULL, NULL, NULL),
(102, 16, 2, 54, NULL, NULL, 'Sale', 42, -1.00, 0, NULL, NULL, NULL, NULL),
(103, 16, 2, 54, NULL, NULL, 'Sale', 43, -1.00, 0, NULL, NULL, NULL, NULL),
(104, 16, 2, 54, NULL, NULL, 'Sale', 44, -1.00, 0, NULL, NULL, NULL, NULL),
(105, 17, 2, 54, NULL, NULL, 'add new', 0, 1.00, 0, NULL, NULL, NULL, NULL),
(106, 18, 2, 54, NULL, NULL, 'add new', 0, 1.00, 0, NULL, NULL, NULL, NULL),
(107, 19, 2, 54, NULL, NULL, 'add new', 0, 1.00, 0, NULL, NULL, NULL, NULL),
(108, 20, 2, 54, NULL, NULL, 'add new', 0, 1.00, 0, NULL, NULL, NULL, NULL),
(109, 21, 2, 54, NULL, NULL, 'add new', 0, 1.00, 0, NULL, NULL, NULL, NULL),
(110, 22, 2, 54, NULL, NULL, 'add new', 0, 1.00, 0, NULL, NULL, NULL, NULL),
(111, 23, 2, 54, NULL, NULL, 'add new', 0, 1.00, 0, NULL, NULL, NULL, NULL),
(112, 23, 2, 54, NULL, NULL, 'Sale', 45, -1.00, 0, NULL, NULL, NULL, NULL),
(113, 19, 2, 54, NULL, NULL, 'Sale', 45, -1.00, 0, NULL, NULL, NULL, NULL);

-- --------------------------------------------------------

--
-- Table structure for table `cs-item-approval`
--

DROP TABLE IF EXISTS `cs-item-approval`;
CREATE TABLE IF NOT EXISTS `cs-item-approval` (
  `cs_approval_id` int(11) NOT NULL DEFAULT '0',
  `product_id` int(11) DEFAULT '0',
  `sell_item_id` int(11) DEFAULT '0',
  `total_price` float DEFAULT '0',
  `qty` float DEFAULT '0',
  `sell_price` float DEFAULT '0',
  `cost_price` float DEFAULT '0',
  `total_tax` float DEFAULT '0',
  `commission` float DEFAULT '0',
  `other_price` float DEFAULT '0',
  `discount` float DEFAULT '0',
  `total_price_payment` float DEFAULT '0'
) ENGINE=MyISAM DEFAULT CHARSET=utf8mb4;

--
-- Dumping data for table `cs-item-approval`
--

INSERT INTO `cs-item-approval` (`cs_approval_id`, `product_id`, `sell_item_id`, `total_price`, `qty`, `sell_price`, `cost_price`, `total_tax`, `commission`, `other_price`, `discount`, `total_price_payment`) VALUES
(13, 8, 11, 0, 1, 150, 80, 0, 0, 0, 0, 150),
(13, 9, 12, 0, 1, 1000, 700, 0, 0, 0, 0, 1000),
(11, 4, 7, 1.2, 2, 200, 117, 1.2, 0.24, 0, 0, 196),
(8, 4, 4, 0.6, 1, 200, 117, 0.6, 0.12, 0, 0, 198),
(8, 3, 3, 2.6, 1, 400, 300, 2.6, 3, 0, 0, 396),
(23, 6, 42, 0, 1, 1215, 1000, 0, 0, 0, 0, 1202.85),
(24, 8, 43, 0, 1, 150, 80, 0, 0, 0, 0, 148.5),
(25, 9, 44, 0, 1, 1000, 700, 0, 0, 0, 0, 990),
(26, 10, 45, 0, 1, 265.84, 200, 0, 0, 0, 0, 263.18),
(27, 7, 46, 0, 1, 800, 700, 0, 0, 0, 0, 792),
(29, 8, 48, 0, 1, 150, 80, 0, 0, 0, 0, 148.5),
(30, 6, 49, 0, 1, 1215, 1000, 0, 0, 0, 0, 1202.85),
(33, 4, 54, 1.2, 2, 200, 117, 1.2, 0.24, 0, 0, 196),
(33, 10, 53, 0, 2, 265.84, 200, 0, 0, 0, 10, 260.52),
(34, 5, 55, 0, 2, 70, 50, 0, 0, 0, 0, 68.6),
(35, 10, 56, 0, 1, 265.84, 200, 0, 0, 0, 0, 263.18),
(36, 6, 57, 0, 1, 1215, 1000, 0, 0, 0, 0, 1202.85),
(38, 6, 59, 0, 2, 1215, 1000, 0, 0, 0, 0, 1190.7),
(38, 8, 60, 0, 1, 150, 80, 0, 0, 0, 0, 148.5),
(37, 8, 58, 0, 1, 150, 80, 0, 0, 0, 0, 148.5),
(39, 7, 61, 0, 1, 800, 700, 0, 0, 0, 0, 792),
(39, 13, 62, 0, 1, 15, 5, 0, 0, 0, 0, 14.85),
(40, 8, 63, 0, 1, 150, 80, 0, 0, 0, 0, 148.5),
(40, 7, 64, 0, 1, 800, 700, 0, 0, 0, 0, 792),
(40, 6, 65, 0, 2, 1215, 1000, 0, 0, 0, 0, 1190.7),
(41, 3, 67, 5.2, 2, 400, 300, 5.2, 6, 0, 0, 392),
(41, 7, 66, 0, 1, 800, 700, 0, 0, 0, 0, 792);

-- --------------------------------------------------------

--
-- Table structure for table `cs-manager-branch-approval`
--

DROP TABLE IF EXISTS `cs-manager-branch-approval`;
CREATE TABLE IF NOT EXISTS `cs-manager-branch-approval` (
  `id` int(11) NOT NULL,
  `sale_id` int(11) NOT NULL DEFAULT '0',
  `user_id` int(11) DEFAULT '0',
  `staff_id` int(11) DEFAULT '0',
  `client_id` int(11) DEFAULT '0',
  `cds_request_id` int(11) DEFAULT '0',
  `interest_of_owne_precent` float DEFAULT '0',
  `interest_type` varchar(255) DEFAULT '0',
  `num_of_pro` double DEFAULT '0',
  `is_agree` int(11) DEFAULT '0',
  `deposit_precent` float DEFAULT '0',
  `deposit_fixed` float DEFAULT '0',
  `deposit_fixed_word` varchar(255) DEFAULT NULL,
  `prices_total_num` double DEFAULT '0',
  `prices_totalword` varchar(255) CHARACTER SET latin1 DEFAULT NULL,
  `money_owne` double DEFAULT '0',
  `money_owne_word` text,
  `currency` int(11) DEFAULT '0',
  `duration_pay_money` float DEFAULT '0',
  `duration_pay_money_type` varchar(60) DEFAULT NULL,
  `date_for_payments` date DEFAULT NULL,
  `date_approval` date DEFAULT NULL,
  `date_give_product` date DEFAULT NULL,
  `type_of_fomula` int(11) DEFAULT '1',
  `method` varchar(60) DEFAULT NULL,
  `place_for_pay` int(11) DEFAULT '0',
  `status` int(11) DEFAULT '0',
  `comment_manager` text,
  `manager_id1` int(11) DEFAULT '0',
  `manager_id2` int(11) DEFAULT '0',
  `manager_id3` int(11) DEFAULT '0',
  `is_finish` int(11) DEFAULT '0',
  `type_of_payment` int(11) DEFAULT '0',
  `description` text,
  `deleted` int(11) DEFAULT '0',
  `created_at` datetime DEFAULT NULL,
  `updated_at` datetime DEFAULT NULL,
  PRIMARY KEY (`id`)
) ENGINE=InnoDB DEFAULT CHARSET=utf8;

--
-- Dumping data for table `cs-manager-branch-approval`
--

INSERT INTO `cs-manager-branch-approval` (`id`, `sale_id`, `user_id`, `staff_id`, `client_id`, `cds_request_id`, `interest_of_owne_precent`, `interest_type`, `num_of_pro`, `is_agree`, `deposit_precent`, `deposit_fixed`, `deposit_fixed_word`, `prices_total_num`, `prices_totalword`, `money_owne`, `money_owne_word`, `currency`, `duration_pay_money`, `duration_pay_money_type`, `date_for_payments`, `date_approval`, `date_give_product`, `type_of_fomula`, `method`, `place_for_pay`, `status`, `comment_manager`, `manager_id1`, `manager_id2`, `manager_id3`, `is_finish`, `type_of_payment`, `description`, `deleted`, `created_at`, `updated_at`) VALUES
(8, 8, 50, 50, 1, 8, 0.112, '2', 0, 1, 30, 180.96, 'one hundred eighty point ninety six', 603.2, 'six hundred zero three point twenty', 422.24, 'four hundred twenty two point twenty four', 1, 6, 'month', '2018-07-06', '2018-06-06', '2018-06-06', 1, 'sale_by_credit', 1, 1, 'hello world', 50, 53, 52, 0, 2, 'hello word', 1, '2019-02-11 03:02:41', '2019-05-28 08:26:11'),
(11, 11, 50, 50, 8, 11, 0.112, '2', 0, 1, 30, 120.36, 'one hundred  twenty', 401.2, 'four hundred zero one', 280.84, 'two hundred eighty one', 1, 6, 'month', '2018-07-28', '2018-07-16', '2018-07-20', 1, 'sale_by_credit', 1, 1, 'just two of create', 50, 50, 50, 0, 2, 'hello world', 1, '2018-07-16 07:07:30', '2019-05-06 06:15:49'),
(13, 13, 50, 50, 10, 13, 0.112, '2', 0, 1, 30, 345, 'three hundred forty five us', 1150, 'eleven hundred fifty us', 805, 'eight hundred zero five', 1, 6, 'month', '2018-07-24', '2018-07-16', '2018-07-19', 1, 'sale_by_credit', 1, 1, 'hello because', 50, 50, 50, 0, 2, 'hello word', 1, '2018-07-16 07:07:25', '2019-05-01 08:26:19'),
(23, 23, 50, 50, 12, 23, 0.112, '2', 0, 1, 30, 364.5, 'three hundred sixty four point fifty', 1215, 'one thousand  two hundred fifteenth', 850.5, 'eight hundred fifty', 1, 12, 'month', '2018-10-01', '2018-09-01', '2018-09-01', 1, 'sale_by_credit', 1, 1, 'hello world', 50, 52, 53, 0, 2, 'new', 1, '2019-03-02 05:03:20', '2019-03-08 08:03:03'),
(24, 24, 50, 50, 13, 24, 0.112, '2', 0, 1, 30, 45, 'forty five', 150, 'one hundred fifty', 105, 'one hundred zero five', 1, 6, 'month', '2018-08-01', '2018-07-01', '2018-07-01', 1, 'sale_by_credit', 1, 1, 'new', 50, 52, 53, 0, 2, 'new o', 1, '2019-03-02 05:03:04', '2019-05-03 02:53:19'),
(25, 25, 50, 50, 15, 25, 0.112, '2', 0, 1, 30, 300, 'three hundred', 1000, 'one thousand', 700, 'seven hundred', 1, 12, 'month', '2018-04-01', '2018-03-01', '2018-03-01', 1, 'sale_by_credit', 1, 1, 'winoe', 50, 50, 50, 0, 2, 'nuw', 1, '2019-03-02 05:03:32', '2019-03-08 08:03:28'),
(26, 26, 50, 50, 14, 26, 0.112, '2', 0, 1, 30, 79.75, 'seventy nine point seventy five', 265.84, 'two hundred sixty five point eighty four', 186.09, 'one hundred eighty six point zero nine', 1, 12, 'month', '2018-04-01', '2018-03-01', '2019-03-04', 1, 'sale_by_credit', 1, 1, 'try pou', 50, 50, 50, 0, 2, 'new', 1, '2019-03-02 05:03:34', '2019-03-25 04:37:01'),
(27, 27, 50, 50, 9, 27, 0.112, '2', 0, 1, 30, 240, 'two hundred  fouty', 800, 'eight hundred', 560, 'five hundred sixty', 1, 6, 'month', '2018-10-04', '2018-03-05', '2018-03-05', 1, 'sale_by_credit', 1, 1, 'hy', 50, 50, 50, 0, 2, 'nwe', 1, '2019-03-02 05:03:32', '2019-03-08 08:04:20'),
(29, 29, 50, 50, 10, 29, 0.112, '2', 0, 1, 10, 15, 'dsfs', 150, 'xfSD', 135, 'sgfadsf', 1, 6, 'month', '2018-09-25', '2018-09-01', '2018-09-01', 1, 'sale_by_credit', 1, 1, 'new', 50, 50, 50, 0, 1, 'new', 1, '2019-03-03 09:03:44', '2019-03-19 15:43:04'),
(30, 30, 50, 50, 18, 30, 0.112, '2', 0, 1, 30, 488, 'four hundred eighty six', 1220, 'one thousand two hundred fifteen', 732, 'seven hundred twenty nine', 1, 6, 'month', '2019-03-25', '2019-03-24', '2019-03-24', 1, 'sale_by_credit', 1, 1, 'allowed', 50, 50, 50, 0, 1, 'll', 1, '2019-03-23 03:03:10', '2019-03-23 03:03:10'),
(33, 33, 50, 50, 11, 33, 0.112, '2', 0, 1, 30, 481.12, 'four hundred eighty one point twenty', 801.86, 'eighty hundred zero one point eighty six', 320.74, 'three hundred twenty point seventy four', 1, 12, 'month', '2019-03-30', '2019-03-28', '2019-03-28', 1, 'sale_by_credit', 1, 1, 'allowed', 50, 50, 50, 0, 2, '2 items', 1, '2019-03-28 03:03:51', '2019-04-03 01:04:48'),
(34, 34, 50, 50, 11, 34, 0.112, '2', 0, 1, 30, 112, 'one hundred twelfth', 140, 'one hundred fourty', 28, 'twenty eight', 1, 6, 'month', '2019-04-06', '2019-04-05', '2019-04-05', 1, 'sale_by_credit', 1, 1, 'allowed', 50, 50, 50, 0, 2, 'allowed', 1, '2019-04-02 08:04:39', '2019-04-02 08:04:39'),
(35, 35, 50, 50, 13, 35, 0.112, '2', 0, 1, 30, 79.75, NULL, 265.84, NULL, 186.09, NULL, 1, 6, 'month', '2019-04-05', '2019-04-04', '2019-04-04', 1, 'sale_by_credit', 1, 1, 'tr', 50, 50, 50, 0, 1, 'te', 1, '2019-04-02 09:04:34', '2019-04-02 09:04:34'),
(36, 36, 50, 50, 14, 36, 0.112, '2', 0, 1, 30, 364.5, NULL, 1215, NULL, 850.5, NULL, 1, 6, 'month', '2019-04-05', '2019-04-04', '2019-04-04', 1, 'sale_by_credit', 1, 1, 'allow', 50, 50, 50, 0, 2, 'allow', 1, '2019-04-03 06:04:18', '2019-04-03 06:04:18'),
(37, 37, 50, 50, 1, 37, 0.112, '2', 0, 1, 30, 45, NULL, 150, NULL, 105, NULL, 1, 6, 'month', '2019-04-30', '2019-04-29', '2019-04-29', 1, 'sale_by_credit', 1, 1, 'allowed', 50, 50, 50, 0, 2, 'allowed', 1, '2019-04-29 05:04:02', '2019-04-29 05:04:02'),
(38, 38, 50, 50, 11, 38, 0.112, '2', 0, 1, 30, 774, NULL, 2580, NULL, 1806, NULL, 1, 6, 'month', '2019-04-26', '2019-04-25', '2019-04-25', 1, 'sale_by_credit', 1, 1, 'allowed', 50, 50, 50, 0, 2, 'allowed', 1, '2019-04-24 02:04:36', '2019-04-24 02:04:36'),
(39, 39, 50, 50, 1, 39, 0.112, '2', 0, 1, 30, 244.5, NULL, 815, NULL, 570.5, NULL, 1, 6, 'month', '2019-04-30', '2019-04-29', '2019-04-29', 1, 'sale_by_credit', 1, 1, 'aa', 50, 50, 50, 0, 2, 'qqw', 1, '2019-04-29 05:04:04', '2019-04-29 05:04:04'),
(40, 40, 50, 50, 16, 40, 0.112, '2', 0, 1, 30, 1014, NULL, 3380, NULL, 2366, NULL, 1, 6, 'month', '2019-05-05', '2019-05-03', '2019-05-03', 1, 'sale_by_credit', 1, 1, 'allowed', 50, 50, 50, 0, 2, 'allowed', 1, '2019-05-03 04:05:16', '2019-05-03 04:05:16'),
(41, 41, 54, 50, 21, 41, 0.035, '3', 0, 1, 0, 0, NULL, 1605.2, NULL, 1605.2, NULL, 1, 6, 'month', '2019-05-15', '2019-04-25', '2019-04-25', 1, 'sale_by_credit', 1, 1, 'allowed', 50, 50, 50, 0, 2, 'First 70', 1, '2019-05-17 08:05:00', '2019-05-25 07:50:56'),
(43, 43, 54, 54, 21, 43, 0.01, 'special', 0, 1, 30, 0, NULL, 300, 'one thousand two hundred fifteen', 300, 'បីរយដុកល្លា', 1, 6, 'month', '2019-06-08', '2019-05-18', '2019-05-18', 1, 'sale_by_credit', 1, 1, 'hello  sfdwor', 54, 54, 54, 0, 2, 'dsfssdfd', 1, '2019-05-18 03:05:32', '2019-05-18 04:07:58');

-- --------------------------------------------------------

--
-- Table structure for table `cs-payments`
--

DROP TABLE IF EXISTS `cs-payments`;
CREATE TABLE IF NOT EXISTS `cs-payments` (
  `id` int(11) NOT NULL,
  `sale_id` int(11) DEFAULT '0',
  `place_for_pay` int(11) DEFAULT '0',
  `payment_amount` double(30,3) DEFAULT '0.000',
  `sub_payment_amount` double(30,3) DEFAULT '0.000',
  `total_payment` double(30,3) DEFAULT '0.000',
  `discount_payment` float DEFAULT '0',
  `discount_reason` text,
  `dute_payment_amount` double(30,3) DEFAULT '0.000',
  `remaining_defualt` float DEFAULT '0',
  `remaining_change` float DEFAULT '0',
  `payback_defualt` float DEFAULT '0',
  `payback_change` float DEFAULT '0',
  `comment` text,
  `payment_date` date DEFAULT NULL,
  `payment_for_date` date DEFAULT NULL,
  `penalty` double(30,3) DEFAULT '0.000',
  `remaining` varchar(255) DEFAULT NULL,
  `total_tax` float DEFAULT '0',
  `total_qty` float DEFAULT '0',
  `payment_shipping` double DEFAULT '0',
  `payment_penalty` double DEFAULT '0',
  `return_back_type` int(11) DEFAULT NULL,
  `currency` int(11) DEFAULT '0',
  `status` int(11) DEFAULT '0',
  PRIMARY KEY (`id`)
) ENGINE=InnoDB DEFAULT CHARSET=utf8;

--
-- Dumping data for table `cs-payments`
--

INSERT INTO `cs-payments` (`id`, `sale_id`, `place_for_pay`, `payment_amount`, `sub_payment_amount`, `total_payment`, `discount_payment`, `discount_reason`, `dute_payment_amount`, `remaining_defualt`, `remaining_change`, `payback_defualt`, `payback_change`, `comment`, `payment_date`, `payment_for_date`, `penalty`, `remaining`, `total_tax`, `total_qty`, `payment_shipping`, `payment_penalty`, `return_back_type`, `currency`, `status`) VALUES
(9, 9, 1, 4526.000, 5000.000, 5000.000, 10, 'Spacail Price', 4526.000, 0, 0, 0, 0, 'Just Sale By Cash', '2019-01-06', NULL, 0.000, 'pay_on_direct_sale', 26, 22, 0, 0, NULL, 1, 1),
(12, 12, 1, 2165.000, 2165.000, 2165.000, 0, NULL, 2165.000, 0, 0, 0, 0, 'Sale By Cash', '2018-07-15', NULL, 0.000, 'pay_on_direct_sale', 0, 3, 0, 0, NULL, 1, 1),
(14, 14, 1, 472.610, 470.000, 470.000, 0, NULL, 472.600, NULL, NULL, NULL, NULL, 'new payment', '2019-01-06', NULL, 0.000, 'pay_on_direct_sale', 2.6, 2, 0, 0, NULL, 1, 1),
(15, 15, 1, -603.200, -600.000, -600.000, 0, NULL, -603.200, NULL, NULL, NULL, NULL, 'Return tosale_by_credit ID: 8', '2019-01-08', NULL, 0.000, 'pay_for_owned', -3.2, -2, 0, 0, NULL, 1, 1),
(16, 16, 1, -472.590, -470.000, -470.000, 0, NULL, -472.600, NULL, NULL, NULL, NULL, 'Return tosale_by_cash ID: 14', '2019-01-08', NULL, 0.000, 'pay_for_owned', -2.6, -2, 0, 0, NULL, 1, 1),
(21, 21, 1, -4073.400, -5000.000, -5000.000, 10, 'Spacail Price', -4073.400, 452.6, 1855700, 452, 2500, 'Return tosale_by_cash ID: 9', '2019-01-17', NULL, 0.000, 'pay_for_owned', -26, -22, 0, 0, 2, 1, 1),
(22, 22, 1, -1035.000, -1150.000, -1150.000, 0, NULL, -1035.000, 0, 0, 0, 0, 'Return tosale_by_credit ID: 13', '2019-01-18', NULL, 0.000, 'pay_for_owned', 0, -2, 0, 0, 2, 1, 1),
(28, 28, 1, 720.000, 800.000, 800.000, 10, 'Spacail Price', 720.000, NULL, NULL, NULL, NULL, 'fdh', '2019-03-03', NULL, 0.000, 'pay_on_direct_sale', 0, 1, 0, 0, 0, 1, 1),
(42, 42, 1, 300.000, 300.000, 300.000, 0, NULL, 300.000, 0, 0, 0, 0, NULL, '2019-05-18', NULL, 0.000, 'pay_on_direct_sale', 0, 1, 0, 0, 0, 1, 1),
(44, 44, 1, 300.000, 300.000, 300.000, 0, NULL, 300.000, 0, 0, 0, 0, NULL, '2019-05-21', NULL, 0.000, 'pay_on_direct_sale', 0, 1, 0, 0, 0, 1, 1),
(45, 45, 1, 468.010, 468.000, 468.000, 0, NULL, 468.000, NULL, NULL, NULL, NULL, NULL, '2019-05-25', NULL, 0.000, 'pay_on_direct_sale', 0, 2, 0, 0, 0, 1, 1);

-- --------------------------------------------------------

--
-- Table structure for table `cs-sale-item`
--

DROP TABLE IF EXISTS `cs-sale-item`;
CREATE TABLE IF NOT EXISTS `cs-sale-item` (
  `id` int(11) NOT NULL AUTO_INCREMENT,
  `sale_id` int(11) DEFAULT '0',
  `barcode` varchar(255) DEFAULT NULL,
  `product_id` int(11) DEFAULT '0',
  `total_price` double(30,3) DEFAULT '0.000',
  `total_of_deposit` double(10,3) DEFAULT '0.000',
  `total_price_payment` double(10,3) DEFAULT '0.000',
  `qty` float(11,3) DEFAULT '0.000',
  `sell_price` double DEFAULT '0',
  `cost_price` double DEFAULT '0',
  `discount` float DEFAULT '0',
  `total_tax` float DEFAULT '0',
  `commission` float DEFAULT '0',
  `other_price` float DEFAULT '0',
  `coment_on_item` text,
  PRIMARY KEY (`id`)
) ENGINE=InnoDB AUTO_INCREMENT=73 DEFAULT CHARSET=utf8;

--
-- Dumping data for table `cs-sale-item`
--

INSERT INTO `cs-sale-item` (`id`, `sale_id`, `barcode`, `product_id`, `total_price`, `total_of_deposit`, `total_price_payment`, `qty`, `sell_price`, `cost_price`, `discount`, `total_tax`, `commission`, `other_price`, `coment_on_item`) VALUES
(3, 8, '0000000003', 3, 400.000, 0.000, 396.000, 1.000, 400, 300, 0, 2.6, 3, 0, NULL),
(4, 8, '0000000004', 4, 200.000, 0.000, 198.000, 1.000, 200, 117, 0, 0.6, 0.12, 0, NULL),
(7, 11, '0000000004', 4, 400.000, 0.000, 196.000, 2.000, 200, 117, 0, 1.2, 0.24, 0, NULL),
(8, 12, '0000000006', 6, 1215.000, 0.000, 1202.850, 1.000, 1215, 1000, 0, 0, 0, 0, NULL),
(9, 12, '0000000008', 8, 150.000, 0.000, 148.500, 1.000, 150, 80, 0, 0, 0, 0, NULL),
(10, 12, '0000000007', 7, 800.000, 0.000, 792.000, 1.000, 800, 700, 0, 0, 0, 0, NULL),
(11, 13, '0000000008', 8, 150.000, 0.000, 150.000, 1.000, 150, 80, 0, 0, 0, 0, NULL),
(12, 13, '0000000009', 9, 1000.000, 0.000, 1000.000, 1.000, 1000, 700, 0, 0, 0, 0, NULL),
(16, 14, '0000000005', 5, 70.000, 0.000, 69.300, 1.000, 70, 50, 0, 0, 0, 0, NULL),
(17, 14, '0000000003', 3, 400.000, 0.000, 396.000, 1.000, 400, 300, 0, 2.6, 3, 0, NULL),
(21, 9, '0000000003', 3, 4000.000, 0.000, 360.000, 10.000, 400, 300, 0, 26, 30, 0, NULL),
(22, 9, '0000000005', 5, 700.000, 0.000, 63.000, 10.000, 70, 50, 0, 0, 0, 0, NULL),
(23, 9, '0000000008', 8, 300.000, 0.000, 147.000, 2.000, 150, 80, 0, 0, 0, 0, NULL),
(24, 15, '0000000003', 3, -400.000, 0.000, 400.000, -1.000, 400, 300, 0, -2.6, -3, 0, NULL),
(25, 15, '0000000004', 4, -200.000, 0.000, 200.000, -1.000, 200, 117, 0, -0.6, -0.12, 0, NULL),
(26, 16, '0000000005', 5, -70.000, 0.000, 70.000, -1.000, 70, 50, 0, 0, 0, 0, NULL),
(27, 16, '0000000003', 3, -400.000, 0.000, 400.000, -1.000, 400, 300, 0, -2.6, -3, 0, NULL),
(28, 18, '0000000003', 3, -4000.000, 0.000, 400.000, -10.000, 400, 300, 0, -26, -30, 0, NULL),
(29, 18, '0000000005', 5, -700.000, 0.000, 70.000, -10.000, 70, 50, 0, 0, 0, 0, NULL),
(30, 18, '0000000008', 8, -300.000, 0.000, 150.000, -2.000, 150, 80, 0, 0, 0, 0, NULL),
(31, 19, '0000000003', 3, -4000.000, 0.000, 400.000, -10.000, 400, 300, 0, -26, -30, 0, NULL),
(32, 19, '0000000005', 5, -700.000, 0.000, 70.000, -10.000, 70, 50, 0, 0, 0, 0, NULL),
(33, 19, '0000000008', 8, -300.000, 0.000, 150.000, -2.000, 150, 80, 0, 0, 0, 0, NULL),
(34, 20, '0000000003', 3, -4000.000, 0.000, 400.000, -10.000, 400, 300, 0, -26, -30, 0, NULL),
(35, 20, '0000000005', 5, -700.000, 0.000, 70.000, -10.000, 70, 50, 0, 0, 0, 0, NULL),
(36, 20, '0000000008', 8, -300.000, 0.000, 150.000, -2.000, 150, 80, 0, 0, 0, 0, NULL),
(37, 21, '0000000003', 3, -4000.000, 0.000, 400.000, -10.000, 400, 300, 0, -26, -30, 0, NULL),
(38, 21, '0000000005', 5, -700.000, 0.000, 70.000, -10.000, 70, 50, 0, 0, 0, 0, NULL),
(39, 21, '0000000008', 8, -300.000, 0.000, 150.000, -2.000, 150, 80, 0, 0, 0, 0, NULL),
(40, 22, '0000000008', 8, -150.000, 0.000, 150.000, -1.000, 150, 80, 0, 0, 0, 0, NULL),
(41, 22, '0000000009', 9, -1000.000, 0.000, 1000.000, -1.000, 1000, 700, 0, 0, 0, 0, NULL),
(42, 23, '0000000006', 6, 1215.000, 0.000, 1202.850, 1.000, 1215, 1000, 0, 0, 0, 0, NULL),
(43, 24, '0000000008', 8, 150.000, 0.000, 148.500, 1.000, 150, 80, 0, 0, 0, 0, NULL),
(44, 25, '0000000009', 9, 1000.000, 0.000, 990.000, 1.000, 1000, 700, 0, 0, 0, 0, NULL),
(45, 26, '0000000010', 10, 265.840, 0.000, 263.180, 1.000, 265.84, 200, 0, 0, 0, 0, NULL),
(46, 27, '0000000007', 7, 800.000, 0.000, 792.000, 1.000, 800, 700, 0, 0, 0, 0, NULL),
(47, 28, '0000000007', 7, 800.000, 0.000, 792.000, 1.000, 800, 700, 0, 0, 0, 0, NULL),
(48, 29, '0000000008', 8, 150.000, 0.000, 148.500, 1.000, 150, 80, 0, 0, 0, 0, NULL),
(49, 30, '0000000006', 6, 1215.000, 0.000, 1202.850, 1.000, 1215, 1000, 0, 0, 0, 0, NULL),
(53, 33, '0000000010', 10, 531.680, 0.000, 260.520, 2.000, 265.84, 200, 10, 0, 0, 0, NULL),
(54, 33, '0000000004', 4, 400.000, 0.000, 196.000, 2.000, 200, 117, 0, 1.2, 0.24, 0, NULL),
(55, 34, '0000000005', 5, 140.000, 0.000, 68.600, 2.000, 70, 50, 0, 0, 0, 0, NULL),
(56, 35, '0000000010', 10, 265.840, 0.000, 263.180, 1.000, 265.84, 200, 0, 0, 0, 0, NULL),
(57, 36, '0000000006', 6, 1215.000, 0.000, 1202.850, 1.000, 1215, 1000, 0, 0, 0, 0, NULL),
(58, 37, '0000000008', 8, 150.000, 0.000, 148.500, 1.000, 150, 80, 0, 0, 0, 0, NULL),
(59, 38, '0000000006', 6, 2430.000, 0.000, 1190.700, 2.000, 1215, 1000, 0, 0, 0, 0, NULL),
(60, 38, '0000000008', 8, 150.000, 0.000, 148.500, 1.000, 150, 80, 0, 0, 0, 0, NULL),
(61, 39, '0000000007', 7, 800.000, 0.000, 792.000, 1.000, 800, 700, 0, 0, 0, 0, NULL),
(62, 39, 'ID0009873', 13, 15.000, 0.000, 14.850, 1.000, 15, 5, 0, 0, 0, 0, NULL),
(63, 40, '0000000008', 8, 150.000, 0.000, 148.500, 1.000, 150, 80, 0, 0, 0, 0, NULL),
(64, 40, '0000000007', 7, 800.000, 0.000, 792.000, 1.000, 800, 700, 0, 0, 0, 0, NULL),
(65, 40, '0000000006', 6, 2430.000, 0.000, 1190.700, 2.000, 1215, 1000, 0, 0, 0, 0, NULL),
(66, 41, '0000000007', 7, 800.000, 0.000, 792.000, 1.000, 800, 700, 0, 0, 0, 0, NULL),
(67, 41, '0000000003', 3, 800.000, 0.000, 392.000, 2.000, 400, 300, 0, 5.2, 6, 0, NULL),
(68, 42, '0000000016', 16, 300.000, 0.000, 297.000, 1.000, 300, 250, 0, 0, 0, 0, NULL),
(69, 43, '0000000016', 16, 300.000, 0.000, 297.000, 1.000, 300, 250, 0, 0, 0, 0, NULL),
(70, 44, '0000000016', 16, 300.000, 0.000, 297.000, 1.000, 300, 250, 0, 0, 0, 0, NULL),
(71, 45, '0000000023', 23, 249.000, 0.000, 246.510, 1.000, 249, 185, 0, 0, 0, 0, NULL),
(72, 45, '0000000019', 19, 219.000, 0.000, 216.810, 1.000, 219, 160, 0, 0, 0, 0, NULL);

-- --------------------------------------------------------

--
-- Table structure for table `cs-sales`
--

DROP TABLE IF EXISTS `cs-sales`;
CREATE TABLE IF NOT EXISTS `cs-sales` (
  `id` int(11) NOT NULL AUTO_INCREMENT,
  `client_id` int(11) DEFAULT '0',
  `num_invoice` varchar(60) DEFAULT NULL,
  `user_id` int(11) DEFAULT '0',
  `staff_id` int(11) DEFAULT '0',
  `branch_id` int(11) DEFAULT '0',
  `currency_id` int(11) DEFAULT '0',
  `sale_status_for` varchar(60) DEFAULT NULL,
  `due_date` date DEFAULT NULL,
  `is_oncredit` int(11) DEFAULT '0',
  `is_approve` int(11) DEFAULT '0',
  `status` int(11) DEFAULT '0',
  `active` int(11) DEFAULT '0',
  `method` varchar(255) DEFAULT NULL,
  `description` text,
  `deleted` int(11) DEFAULT '0',
  `created_at` datetime DEFAULT NULL,
  `updated_at` datetime DEFAULT NULL,
  `deleted_at` datetime DEFAULT NULL,
  PRIMARY KEY (`id`)
) ENGINE=InnoDB AUTO_INCREMENT=46 DEFAULT CHARSET=utf8;

--
-- Dumping data for table `cs-sales`
--

INSERT INTO `cs-sales` (`id`, `client_id`, `num_invoice`, `user_id`, `staff_id`, `branch_id`, `currency_id`, `sale_status_for`, `due_date`, `is_oncredit`, `is_approve`, `status`, `active`, `method`, `description`, `deleted`, `created_at`, `updated_at`, `deleted_at`) VALUES
(8, 1, 'PP201807068', 50, 50, 2, 1, 'close', '2018-07-06', 1, 1, 1, 1, 'sale_by_credit', NULL, 1, '2018-07-06 08:07:35', '2019-05-04 02:35:22', NULL),
(9, 1, 'PP201807099', 50, 50, 2, 1, 'close', '2019-01-06', 0, 0, 1, 1, 'sale_by_cash', NULL, 1, '2018-07-09 08:07:25', '2019-01-17 18:20:45', NULL),
(11, 8, 'PP2018071011', 50, 50, 2, 1, 'padding', '2018-07-10', 1, 1, 1, 1, 'sale_by_credit', NULL, 1, '2018-07-10 07:07:37', '2018-07-10 07:13:37', NULL),
(12, 9, 'PP2018071512', 50, 50, 2, 1, 'padding', '2018-07-15', 0, 0, 1, 1, 'sale_by_cash', NULL, 1, '2018-07-15 06:07:50', '2018-07-15 06:26:50', NULL),
(13, 10, 'PP2018071513', 50, 50, 2, 1, 'close', '2018-07-15', 1, 1, 1, 1, 'sale_by_credit', NULL, 1, '2018-07-15 06:07:33', '2019-01-18 16:27:10', NULL),
(14, 2, 'PP2018122814', 50, 50, 2, 1, 'close', '2019-01-06', 0, 0, 1, 1, 'sale_by_cash', NULL, 1, '2018-12-28 03:12:47', '2019-01-08 17:19:21', NULL),
(15, 1, 'PP2019010815', 50, 50, 2, 1, 'close', '2019-01-08', 1, 0, 1, 1, 'sale_recieving', NULL, 1, '2019-01-08 05:01:36', '2019-01-08 17:00:36', NULL),
(16, 2, 'PP2019010816', 50, 50, 2, 1, 'close', '2019-01-08', 1, 0, 1, 1, 'sale_recieving', NULL, 1, '2019-01-08 05:01:20', '2019-01-08 17:19:21', NULL),
(21, 1, 'PP2019011721', 50, 50, 2, 1, 'close', '2019-01-17', 1, 0, 1, 1, 'sale_recieving', NULL, 1, '2019-01-17 06:01:45', '2019-01-17 18:20:45', NULL),
(22, 10, 'PP2019011822', 50, 50, 2, 1, 'close', '2019-01-18', 1, 0, 1, 1, 'sale_recieving', NULL, 1, '2019-01-18 04:01:10', '2019-01-18 16:27:10', NULL),
(23, 12, '2019030223', 50, 50, 2, 1, 'padding', '2019-03-02', 1, 1, 1, 1, 'sale_by_credit', NULL, 1, '2019-03-02 05:03:41', '2019-03-02 17:47:20', NULL),
(24, 13, '2019030224', 50, 50, 2, 1, 'padding', '2019-03-02', 1, 1, 1, 1, 'sale_by_credit', NULL, 1, '2019-03-02 05:03:12', '2019-03-02 17:50:04', NULL),
(25, 15, '2019030225', 50, 50, 2, 1, 'padding', '2019-03-02', 1, 1, 1, 1, 'sale_by_credit', NULL, 1, '2019-03-02 05:03:06', '2019-03-02 17:51:32', NULL),
(26, 14, '2019030226', 50, 50, 2, 1, 'padding', '2019-03-02', 1, 1, 1, 1, 'sale_by_credit', NULL, 1, '2019-03-02 05:03:19', '2019-03-02 17:52:34', NULL),
(27, 9, '2019030227', 50, 50, 2, 1, 'padding', '2019-03-02', 1, 1, 1, 1, 'sale_by_credit', NULL, 1, '2019-03-02 05:03:56', '2019-03-02 17:54:32', NULL),
(28, 0, '2019030328', 50, 50, 2, 2, 'padding', '2019-03-03', 0, 0, 1, 1, 'sale_by_cash', NULL, 1, '2019-03-03 09:03:17', '2019-03-03 09:12:17', NULL),
(29, 10, '2019030329', 50, 50, 2, 1, 'padding', '2019-03-03', 1, 1, 1, 1, 'sale_by_credit', NULL, 1, '2019-03-03 09:03:51', '2019-03-19 15:42:55', NULL),
(30, 18, '2019032230', 50, 50, 2, 1, 'padding', '2019-03-22', 1, 1, 1, 1, 'sale_by_credit', NULL, 1, '2019-03-22 03:03:28', '2019-03-23 03:18:10', NULL),
(33, 11, '2019032833', 50, 50, 2, 1, 'padding', '2019-03-28', 1, 1, 1, 1, 'sale_by_credit', NULL, 1, '2019-03-28 03:03:14', '2019-04-03 01:35:48', NULL),
(34, 11, '2019040234', 50, 50, 2, 1, 'padding', '2019-04-02', 1, 1, 1, 1, 'sale_by_credit', NULL, 1, '2019-04-02 08:04:34', '2019-04-02 08:53:39', NULL),
(35, 13, '2019040235', 50, 50, 2, 1, 'padding', '2019-04-02', 1, 1, 1, 1, 'sale_by_credit', NULL, 1, '2019-04-02 09:04:03', '2019-04-02 09:17:34', NULL),
(36, 14, '2019040336', 50, 50, 2, 1, 'padding', '2019-04-03', 1, 1, 1, 1, 'sale_by_credit', NULL, 1, '2019-04-03 06:04:43', '2019-04-03 06:21:19', NULL),
(37, 1, '2019042437', 50, 50, 2, 1, 'padding', '2019-04-24', 1, 1, 1, 1, 'sale_by_credit', NULL, 1, '2019-04-24 02:04:56', '2019-04-29 05:17:02', NULL),
(38, 11, '2019042438', 50, 50, 2, 1, 'padding', '2019-04-24', 1, 1, 1, 1, 'sale_by_credit', NULL, 1, '2019-04-24 02:04:59', '2019-04-24 02:46:36', NULL),
(39, 1, '2019042939', 50, 50, 2, 1, 'padding', '2019-04-29', 1, 1, 1, 1, 'sale_by_credit', NULL, 1, '2019-04-29 05:04:34', '2019-04-29 05:22:04', NULL),
(40, 16, '2019050340', 50, 50, 2, 1, 'padding', '2019-05-03', 1, 1, 1, 1, 'sale_by_credit', NULL, 1, '2019-05-03 04:05:01', '2019-05-03 04:06:16', NULL),
(41, 21, '2019051741', 50, 50, 2, 1, 'padding', '2019-05-17', 1, 1, 1, 1, 'sale_by_credit', NULL, 1, '2019-05-17 08:05:06', '2019-05-25 07:50:04', NULL),
(42, 21, '2019051842', 54, 54, 2, 1, 'padding', '2019-05-18', 0, 0, 1, 1, 'sale_by_cash', NULL, 1, '2019-05-18 03:05:48', '2019-05-18 03:32:48', NULL),
(43, 21, '2019051843', 54, 54, 2, 1, 'padding', '2019-05-18', 1, 1, 1, 1, 'sale_by_credit', NULL, 1, '2019-05-18 03:05:58', '2019-05-18 04:07:38', NULL),
(44, 21, '2019052144', 54, 54, 2, 1, 'padding', '2019-05-21', 0, 0, 1, 1, 'sale_by_cash', NULL, 1, '2019-05-21 01:05:03', '2019-05-21 01:47:03', NULL),
(45, 21, '2019052545', 54, 54, 2, 2, 'padding', '2019-05-25', 0, 0, 1, 1, 'sale_by_cash', NULL, 1, '2019-05-25 02:05:05', '2019-05-25 02:38:05', NULL);

-- --------------------------------------------------------

--
-- Table structure for table `cs-schedules`
--

DROP TABLE IF EXISTS `cs-schedules`;
CREATE TABLE IF NOT EXISTS `cs-schedules` (
  `id` int(11) NOT NULL DEFAULT '0',
  `schedule_number` varchar(60) DEFAULT NULL,
  `client_id` int(11) DEFAULT '0',
  `sale_id` int(11) DEFAULT '0',
  `branch_id` int(11) DEFAULT '0',
  `approval_id` int(11) DEFAULT '0',
  `user_id` int(11) DEFAULT '0',
  `staff_id` int(11) DEFAULT '0',
  `currency_id` int(11) DEFAULT '0',
  `money_owne_cost` double(30,2) DEFAULT '0.00',
  `money_owne_interest` double(30,2) DEFAULT '0.00',
  `money_owne_total_pay` double(30,2) DEFAULT '0.00',
  `status` int(11) DEFAULT '0',
  `status_for_pay` int(11) DEFAULT '0',
  `is_give` int(11) DEFAULT '0',
  `active` int(11) DEFAULT '0',
  `is_finish` int(11) DEFAULT '0',
  `deleted` int(11) DEFAULT NULL,
  `created_at` datetime DEFAULT NULL,
  `updated_at` datetime DEFAULT NULL
) ENGINE=InnoDB DEFAULT CHARSET=utf8;

--
-- Dumping data for table `cs-schedules`
--

INSERT INTO `cs-schedules` (`id`, `schedule_number`, `client_id`, `sale_id`, `branch_id`, `approval_id`, `user_id`, `staff_id`, `currency_id`, `money_owne_cost`, `money_owne_interest`, `money_owne_total_pay`, `status`, `status_for_pay`, `is_give`, `active`, `is_finish`, `deleted`, `created_at`, `updated_at`) VALUES
(11, 'PN2019030811', 8, 11, 2, 11, 50, 50, 1, 280.84, 188.70, 469.54, 1, 1, 1, 1, 0, 1, '2019-03-08 08:03:49', '2019-05-06 06:15:49'),
(23, 'PN2019030823', 12, 23, 2, 23, 50, 50, 1, 850.50, 1143.12, 1993.62, 1, 0, 1, 1, 0, 1, '2019-03-08 08:03:03', '2019-03-08 08:03:03'),
(24, 'PN2019030824', 13, 24, 2, 24, 50, 50, 1, 105.00, 70.56, 175.56, 1, 1, 1, 1, 0, 1, '2019-03-08 08:03:14', '2019-05-03 02:53:20'),
(27, 'PN2019030827', 9, 27, 2, 27, 50, 50, 1, 560.00, 376.32, 936.32, 1, 0, 1, 1, 0, 1, '2019-03-08 08:03:20', '2019-03-08 08:03:20'),
(25, 'PN2019030825', 15, 25, 2, 25, 50, 50, 1, 700.00, 940.80, 1640.80, 1, 0, 2, 1, 0, 1, '2019-03-08 08:03:28', '2019-03-08 08:03:28'),
(26, 'PN2019032526', 14, 26, 2, 26, 50, 50, 1, 186.06, 20.84, 206.90, 1, 0, 2, 1, 0, 1, '2019-03-25 04:03:01', '2019-03-25 04:03:01'),
(8, 'PN201905288', 1, 8, 2, 8, 50, 50, 1, 422.26, 283.75, 706.00, 1, 0, 1, 1, 0, 1, '2019-05-28 08:05:11', '2019-05-28 08:05:11'),
(13, 'PN2019030813', 10, 13, 2, 13, 50, 50, 1, 805.00, 540.96, 1345.96, 1, 1, 1, 1, 0, 1, '2019-03-08 08:03:48', '2019-05-01 08:26:20'),
(29, 'PN2019031929', 10, 29, 2, 29, 50, 50, 1, 135.00, 52.92, 187.92, 1, 0, 1, 1, 0, 1, '2019-03-19 03:03:04', '2019-03-19 03:03:04'),
(30, 'PN2019032330', 18, 30, 2, 30, 50, 50, 1, 732.00, 286.94, 1018.94, 1, 0, 1, 1, 0, 1, '2019-03-23 03:03:14', '2019-04-03 01:36:59'),
(33, 'PN2019032833', 11, 33, 2, 33, 50, 50, 1, 320.72, 35.92, 356.64, 1, 0, 1, 1, 0, 1, '2019-03-28 03:03:55', '2019-03-28 03:52:44'),
(34, 'PN2019040234', 11, 34, 2, 34, 50, 50, 1, 27.98, 3.14, 31.12, 1, 0, 1, 1, 0, 1, '2019-04-02 08:04:43', '2019-04-02 08:57:00'),
(35, 'PN2019040235', 13, 35, 2, 35, 50, 50, 1, 186.12, 72.96, 259.07, 1, 0, 1, 1, 0, 1, '2019-04-02 09:04:37', '2019-04-02 09:19:02'),
(36, 'PN2019040336', 14, 36, 2, 36, 50, 50, 1, 850.50, 95.26, 945.76, 1, 2, 1, 1, 0, 1, '2019-04-03 06:04:28', '2019-04-03 08:31:55'),
(40, 'PN2019050340', 16, 40, 2, 40, 50, 50, 1, 2366.02, 264.99, 2631.01, 1, 1, 1, 1, 0, 1, '2019-05-03 04:05:39', '2019-05-03 04:18:58'),
(41, 'PN2019052541', 21, 41, 2, 41, 54, 50, 1, 1605.22, 337.09, 1942.31, 1, 0, 1, 1, 0, 1, '2019-05-25 07:05:56', '2019-05-25 07:05:56'),
(43, 'PN2019051843', 21, 43, 2, 43, 54, 54, 1, 300.00, 3.00, 303.00, 1, 0, 0, 1, 0, 1, '2019-05-18 04:05:58', '2019-05-18 04:05:58');

-- --------------------------------------------------------

--
-- Table structure for table `cs-schedules-repayment-timesheet`
--

DROP TABLE IF EXISTS `cs-schedules-repayment-timesheet`;
CREATE TABLE IF NOT EXISTS `cs-schedules-repayment-timesheet` (
  `id` int(11) NOT NULL AUTO_INCREMENT,
  `cs_schedules_id` int(11) DEFAULT '0',
  `branch_id` int(11) DEFAULT NULL,
  `user_id` int(11) DEFAULT NULL,
  `staff_id` int(11) DEFAULT NULL,
  `schedules_titmesheet_id` int(11) DEFAULT NULL,
  `num_invoice_payment` varchar(60) DEFAULT NULL,
  `available_total_pay_cost` double(30,2) DEFAULT '0.00',
  `available_total_pay_interest` double(30,2) DEFAULT '0.00',
  `available_total_payment` double(30,2) DEFAULT '0.00',
  `available_total_due_payment` double(32,3) DEFAULT '0.000',
  `available_total_pay_cost_owe` double(30,2) DEFAULT '0.00',
  `other_pay_reason` text,
  `other_payment` double(30,2) DEFAULT '0.00',
  `date_payment` date DEFAULT NULL,
  `available_date_payment` date DEFAULT NULL,
  `lavel_payment` int(11) DEFAULT '0',
  `num_of_payment` int(11) DEFAULT '0',
  `date_late_pay` float DEFAULT NULL,
  `is_penalty_pay` int(11) DEFAULT '0',
  `panalty` double(32,3) DEFAULT '0.000',
  `available_remain` varchar(255) DEFAULT NULL,
  `status` int(11) DEFAULT NULL,
  `status_for_pay` int(11) DEFAULT NULL,
  `active` int(11) DEFAULT NULL,
  `note` text,
  `deleted_at` datetime DEFAULT NULL,
  `deleted` int(11) DEFAULT NULL,
  `created_at` datetime DEFAULT NULL,
  `updated_at` datetime DEFAULT NULL,
  PRIMARY KEY (`id`)
) ENGINE=InnoDB AUTO_INCREMENT=90 DEFAULT CHARSET=utf8;

--
-- Dumping data for table `cs-schedules-repayment-timesheet`
--

INSERT INTO `cs-schedules-repayment-timesheet` (`id`, `cs_schedules_id`, `branch_id`, `user_id`, `staff_id`, `schedules_titmesheet_id`, `num_invoice_payment`, `available_total_pay_cost`, `available_total_pay_interest`, `available_total_payment`, `available_total_due_payment`, `available_total_pay_cost_owe`, `other_pay_reason`, `other_payment`, `date_payment`, `available_date_payment`, `lavel_payment`, `num_of_payment`, `date_late_pay`, `is_penalty_pay`, `panalty`, `available_remain`, `status`, `status_for_pay`, `active`, `note`, `deleted_at`, `deleted`, `created_at`, `updated_at`) VALUES
(57, 24, 2, 50, 50, 348, '25102018N131', 45.00, 0.00, 45.00, 45.000, 105.00, NULL, 0.00, '2018-07-01', '2018-07-01', 1, 1, 0, 0, 0.000, '0', 1, 2, 1, 'first payment', NULL, 1, '2019-03-08 11:03:18', '2019-03-08 11:03:18'),
(58, 24, 2, 50, 50, 349, '24102018N14', 17.50, 11.76, 29.26, 29.260, 87.50, NULL, 0.00, '2018-08-01', '2018-08-01', 1, 1, 0, 0, 0.000, '0', 1, 2, 1, 'new payment', NULL, 1, '2019-03-09 05:03:09', '2019-03-09 05:03:09'),
(59, 24, 2, 50, 50, 350, '24102018N14', 8.24, 11.76, 20.00, 29.260, 70.00, NULL, 0.00, '2018-09-01', '2018-09-01', 1, 1, 0, 0, 0.000, '0', 2, 2, 1, 'new pay', NULL, 1, '2019-03-09 05:03:12', '2019-03-09 05:03:12'),
(60, 24, 2, 50, 50, 350, '24102018N14', 9.26, 0.00, 9.26, 9.260, 70.00, NULL, 0.00, '2018-09-01', '2018-09-02', 1, 2, 1, 0, 0.000, '0', 1, 2, 1, 'second payment', NULL, 1, '2019-03-09 05:03:01', '2019-03-09 05:03:01'),
(61, 24, 2, 50, 52, 351, '24102018N14', 17.50, 11.76, 29.26, 29.260, 52.50, NULL, 0.00, '2018-10-01', '2018-10-01', 1, 1, 0, 0, 0.000, '0', 1, 2, 1, 'hello payment', NULL, 1, '2019-03-09 05:03:01', '2019-03-09 05:03:01'),
(62, 24, 2, 50, 53, 352, '24102018N14', 17.50, 11.76, 29.26, 29.260, 35.00, NULL, 0.00, '2018-11-01', '2018-11-01', 1, 1, 0, 0, 0.000, '0', 1, 2, 1, 'new payment', NULL, 1, '2019-03-09 06:03:01', '2019-03-09 06:03:01'),
(63, 24, 2, 50, 53, 353, '24102018N14', 17.50, 11.76, 29.26, 29.260, 17.50, NULL, 0.00, '2018-12-01', '2018-12-01', 1, 1, 0, 0, 0.000, '0', 1, 2, 1, 'new payment', NULL, 1, '2019-03-09 06:03:27', '2019-03-09 06:03:27'),
(71, 11, 2, 50, 50, 402, '24102018N14', 120.36, 0.00, 120.36, 120.360, 280.84, NULL, 0.00, '2018-07-20', '2018-07-20', 1, 1, 0, 0, 0.000, '0', 1, 2, 1, 'new world', NULL, 1, '2019-03-10 08:03:59', '2019-03-10 08:03:59'),
(72, 11, 2, 50, 50, 403, '24102018N14', 46.81, 31.45, 78.26, 78.260, 234.03, NULL, 0.00, '2018-07-31', '2018-07-31', 1, 1, 0, 0, 0.000, '0', 1, 2, 1, 'new word', NULL, 1, '2019-03-10 08:03:57', '2019-03-10 08:03:57'),
(73, 11, 2, 50, 50, 404, '24072018N13', 0.00, 30.00, 30.00, 78.260, 187.22, NULL, 0.00, '2018-08-28', '2018-08-28', 1, 1, 0, 0, 0.000, '0', 2, 2, 1, 'n', NULL, 1, '2019-03-10 08:03:34', '2019-03-10 08:03:34'),
(78, 11, 2, 50, 50, 404, '24102018N14', 46.81, 1.45, 48.26, 48.260, 187.22, NULL, 0.00, '2018-08-28', '2018-08-29', 1, 2, 1, 0, 0.000, '0', 1, 2, 1, 'nm', NULL, 1, '2019-03-10 08:03:35', '2019-03-10 08:03:35'),
(79, 11, 2, 50, 50, 405, '24112018N13', 46.81, 31.45, 78.26, 78.260, 140.41, NULL, 0.00, '2018-09-28', '2018-09-28', 1, 1, 0, 0, 0.000, '0', 1, 2, 1, 'new payment', NULL, 1, '2019-03-10 08:03:13', '2019-03-10 08:03:13'),
(80, 11, 2, 50, 50, 406, '24102018N13', 46.81, 31.45, 78.26, 78.260, 93.60, NULL, 0.00, '2018-10-29', '2018-10-29', 1, 1, 0, 0, 0.000, '0', 1, 2, 1, 'new', NULL, 1, '2019-03-10 08:03:55', '2019-03-10 08:03:55'),
(81, 11, 2, 50, 50, 407, '24102018N14', 93.60, 31.45, 125.05, 125.050, 0.00, NULL, 0.00, '2018-11-28', '2018-11-28', 1, 1, 0, 0, 0.000, '0', 1, 1, 1, 'payment completed', NULL, 1, '2019-03-10 08:03:58', '2019-03-10 08:03:58'),
(82, 36, 2, 50, 50, 617, '201936', 364.50, 0.00, 364.50, 364.500, 850.50, NULL, 0.00, '2019-04-04', '2019-04-04', 1, 1, 0, 0, 0.000, '0', 1, 2, 1, 'first 30', NULL, 1, '2019-04-03 08:04:55', '2019-04-03 08:04:55'),
(83, 24, 2, 50, 50, 354, '03032019N24', 17.50, 11.76, 29.26, 29.260, 0.00, NULL, 0.00, '2019-01-02', '2019-01-02', 1, 1, 0, 0, 0.000, '0', 1, 1, 1, 'test', NULL, 1, '2019-04-29 03:04:51', '2019-04-29 03:04:51'),
(84, 40, 2, 50, 50, 624, '000040', 1014.00, 0.00, 1014.00, 1014.000, 2366.00, NULL, 0.00, '2019-05-03', '2019-05-03', 1, 1, 0, 0, 0.000, '0', 1, 2, 1, 'first payment', NULL, 1, '2019-05-03 04:05:18', '2019-05-03 04:05:18'),
(85, 40, 2, 50, 50, 625, '000040', 394.33, 44.17, 438.50, 438.500, 1971.67, NULL, 0.00, '2019-05-06', '2019-05-06', 1, 1, 0, 0, 0.000, '0', 1, 2, 1, 'first month', NULL, 1, '2019-05-03 04:05:24', '2019-05-03 04:05:24'),
(86, 40, 2, 50, 50, 626, '000040', 394.33, 44.17, 438.50, 438.500, 1577.34, NULL, 0.00, '2019-06-05', '2019-06-05', 1, 1, 0, 0, 0.000, '0', 1, 2, 1, 'second month', NULL, 1, '2019-05-03 04:05:37', '2019-05-03 04:05:37'),
(87, 40, 2, 50, 50, 627, '000040', 394.33, 44.17, 438.50, 438.500, 1183.01, NULL, 0.00, '2019-07-05', '2019-07-05', 1, 1, 0, 0, 0.000, '0', 1, 2, 1, 'third month', NULL, 1, '2019-05-03 04:05:09', '2019-05-03 04:05:09'),
(88, 40, 2, 50, 50, 628, '000040', 1183.01, 44.17, 1227.18, 1227.180, 0.00, NULL, 0.00, '2019-08-05', '2019-08-05', 1, 1, 0, 0, 0.000, '0', 1, 1, 1, 'finish payments', NULL, 1, '2019-05-03 04:05:58', '2019-05-03 04:05:58');

-- --------------------------------------------------------

--
-- Table structure for table `cs-schedules-timesheet`
--

DROP TABLE IF EXISTS `cs-schedules-timesheet`;
CREATE TABLE IF NOT EXISTS `cs-schedules-timesheet` (
  `id` int(11) NOT NULL AUTO_INCREMENT,
  `cs_schedules_id` int(11) DEFAULT '0',
  `total_pay_cost` double(30,2) DEFAULT '0.00',
  `num_date_use` int(60) DEFAULT '0',
  `total_pay_interest` double(30,2) DEFAULT '0.00',
  `total_payment` double(30,2) DEFAULT '0.00',
  `total_pay_cost_owe` double(30,2) DEFAULT '0.00',
  `date_payment` date DEFAULT NULL,
  `status` int(11) DEFAULT '0',
  `status_for_pay` int(11) DEFAULT '0',
  `active` int(11) DEFAULT '0',
  `is_finish` int(11) DEFAULT '0',
  `deleted` int(11) DEFAULT '1',
  `description` text,
  `created_at` datetime DEFAULT NULL,
  `updated_at` datetime DEFAULT NULL,
  PRIMARY KEY (`id`)
) ENGINE=InnoDB AUTO_INCREMENT=734 DEFAULT CHARSET=utf8;

--
-- Dumping data for table `cs-schedules-timesheet`
--

INSERT INTO `cs-schedules-timesheet` (`id`, `cs_schedules_id`, `total_pay_cost`, `num_date_use`, `total_pay_interest`, `total_payment`, `total_pay_cost_owe`, `date_payment`, `status`, `status_for_pay`, `active`, `is_finish`, `deleted`, `description`, `created_at`, `updated_at`) VALUES
(328, 13, 345.00, 0, 0.00, 345.00, 805.00, '2018-07-19', 0, 0, 1, 0, 1, 'first_payment_30', NULL, '2019-03-10 08:01:18'),
(329, 13, 134.17, 0, 90.16, 224.33, 670.83, '2018-07-24', 0, 0, 1, 0, 1, NULL, NULL, '2019-03-10 08:01:18'),
(330, 13, 134.17, 0, 90.16, 224.33, 536.66, '2018-08-24', 0, 0, 1, 0, 1, NULL, NULL, '2019-03-10 08:01:18'),
(331, 13, 134.17, 0, 90.16, 224.33, 402.49, '2018-09-25', 0, 0, 1, 0, 1, NULL, NULL, '2019-03-10 08:01:18'),
(332, 13, 134.17, 0, 90.16, 224.33, 268.32, '2018-10-24', 0, 0, 1, 0, 1, NULL, NULL, '2019-03-10 08:01:18'),
(333, 13, 134.17, 0, 90.16, 224.33, 134.15, '2018-11-24', 0, 0, 1, 0, 1, NULL, NULL, '2019-03-10 08:01:18'),
(334, 13, 134.15, 0, 90.16, 224.31, 0.00, '2018-12-24', 0, 0, 1, 0, 1, NULL, NULL, NULL),
(335, 23, 364.50, 0, 0.00, 364.50, 850.50, '2018-09-01', 0, 0, 1, 0, 1, 'first_payment_30', NULL, NULL),
(336, 23, 70.88, 0, 95.26, 166.14, 779.62, '2018-10-01', 0, 0, 1, 0, 1, NULL, NULL, NULL),
(337, 23, 70.88, 0, 95.26, 166.14, 708.74, '2018-11-01', 0, 0, 1, 0, 1, NULL, NULL, NULL),
(338, 23, 70.88, 0, 95.26, 166.14, 637.86, '2018-12-01', 0, 0, 1, 0, 1, NULL, NULL, NULL),
(339, 23, 70.88, 0, 95.26, 166.14, 566.98, '2019-01-02', 0, 0, 1, 0, 1, NULL, NULL, NULL),
(340, 23, 70.88, 0, 95.26, 166.14, 496.10, '2019-02-01', 0, 0, 1, 0, 1, NULL, NULL, NULL),
(341, 23, 70.88, 0, 95.26, 166.14, 425.22, '2019-03-01', 0, 0, 1, 0, 1, NULL, NULL, NULL),
(342, 23, 70.88, 0, 95.26, 166.14, 354.34, '2019-04-01', 0, 0, 1, 0, 1, NULL, NULL, NULL),
(343, 23, 70.88, 0, 95.26, 166.14, 283.46, '2019-05-02', 0, 0, 1, 0, 1, NULL, NULL, NULL),
(344, 23, 70.88, 0, 95.26, 166.14, 212.58, '2019-06-03', 0, 0, 1, 0, 1, NULL, NULL, NULL),
(345, 23, 70.88, 0, 95.26, 166.14, 141.70, '2019-07-01', 0, 0, 1, 0, 1, NULL, NULL, NULL),
(346, 23, 70.88, 0, 95.26, 166.14, 70.82, '2019-08-01', 0, 0, 1, 0, 1, NULL, NULL, NULL),
(347, 23, 70.82, 0, 95.26, 166.08, 0.00, '2019-09-02', 0, 0, 1, 0, 1, NULL, NULL, NULL),
(348, 24, 45.00, 0, 0.00, 45.00, 105.00, '2018-07-01', 1, 2, 1, 0, 1, 'first_payment_30', NULL, '2019-03-08 11:07:18'),
(349, 24, 17.50, 0, 11.76, 29.26, 87.50, '2018-08-01', 1, 2, 1, 0, 1, NULL, NULL, '2019-03-09 05:56:09'),
(350, 24, 17.50, 0, 11.76, 29.26, 70.00, '2018-09-01', 1, 2, 1, 0, 1, NULL, NULL, '2019-03-09 05:58:01'),
(351, 24, 17.50, 0, 11.76, 29.26, 52.50, '2018-10-01', 1, 2, 1, 0, 1, NULL, NULL, '2019-03-09 05:59:01'),
(352, 24, 17.50, 0, 11.76, 29.26, 35.00, '2018-11-01', 1, 2, 1, 0, 1, NULL, NULL, '2019-03-09 06:00:02'),
(353, 24, 17.50, 0, 11.76, 29.26, 17.50, '2018-12-01', 1, 2, 1, 0, 1, NULL, NULL, '2019-03-09 06:04:27'),
(354, 24, 17.50, 0, 11.76, 29.26, 0.00, '2019-01-02', 1, 1, 1, 0, 1, NULL, NULL, '2019-04-29 03:37:51'),
(355, 25, 300.00, 0, 0.00, 300.00, 700.00, '2018-03-01', 0, 0, 1, 0, 1, 'first_payment_30', NULL, NULL),
(356, 25, 58.33, 0, 78.40, 136.73, 641.67, '2018-04-02', 0, 0, 1, 0, 1, NULL, NULL, NULL),
(357, 25, 58.33, 0, 78.40, 136.73, 583.34, '2018-05-02', 0, 0, 1, 0, 1, NULL, NULL, NULL),
(358, 25, 58.33, 0, 78.40, 136.73, 525.01, '2018-06-02', 0, 0, 1, 0, 1, NULL, NULL, NULL),
(359, 25, 58.33, 0, 78.40, 136.73, 466.68, '2018-07-02', 0, 0, 1, 0, 1, NULL, NULL, NULL),
(360, 25, 58.33, 0, 78.40, 136.73, 408.35, '2018-08-01', 0, 0, 1, 0, 1, NULL, NULL, NULL),
(361, 25, 58.33, 0, 78.40, 136.73, 350.02, '2018-09-01', 0, 0, 1, 0, 1, NULL, NULL, NULL),
(362, 25, 58.33, 0, 78.40, 136.73, 291.69, '2018-10-01', 0, 0, 1, 0, 1, NULL, NULL, NULL),
(363, 25, 58.33, 0, 78.40, 136.73, 233.36, '2018-11-01', 0, 0, 1, 0, 1, NULL, NULL, NULL),
(364, 25, 58.33, 0, 78.40, 136.73, 175.03, '2018-12-01', 0, 0, 1, 0, 1, NULL, NULL, NULL),
(365, 25, 58.33, 0, 78.40, 136.73, 116.70, '2019-01-02', 0, 0, 1, 0, 1, NULL, NULL, NULL),
(366, 25, 58.33, 0, 78.40, 136.73, 58.37, '2019-02-01', 0, 0, 1, 0, 1, NULL, NULL, NULL),
(367, 25, 58.37, 0, 78.40, 136.77, 0.00, '2019-03-01', 0, 0, 1, 0, 1, NULL, NULL, NULL),
(381, 27, 240.00, 0, 0.00, 240.00, 560.00, '2018-03-05', 0, 0, 1, 0, 1, 'first_payment_30', NULL, NULL),
(382, 27, 93.33, 0, 62.72, 156.05, 466.67, '2018-10-04', 0, 0, 1, 0, 1, NULL, NULL, NULL),
(383, 27, 93.33, 0, 62.72, 156.05, 373.34, '2018-11-05', 0, 0, 1, 0, 1, NULL, NULL, NULL),
(384, 27, 93.33, 0, 62.72, 156.05, 280.01, '2018-12-04', 0, 0, 1, 0, 1, NULL, NULL, NULL),
(385, 27, 93.33, 0, 62.72, 156.05, 186.68, '2019-01-04', 0, 0, 1, 0, 1, NULL, NULL, NULL),
(386, 27, 93.33, 0, 62.72, 156.05, 93.35, '2019-02-04', 0, 0, 1, 0, 1, NULL, NULL, NULL),
(387, 27, 93.35, 0, 62.72, 156.07, 0.00, '2019-03-04', 0, 0, 1, 0, 1, NULL, NULL, NULL),
(402, 11, 120.36, 0, 0.00, 120.36, 280.84, '2018-07-20', 1, 2, 1, 0, 1, 'first_payment_30', NULL, '2019-03-10 08:46:59'),
(403, 11, 46.81, 0, 31.45, 78.26, 234.03, '2018-07-31', 1, 2, 1, 0, 1, NULL, NULL, '2019-03-10 08:47:57'),
(404, 11, 46.81, 0, 31.45, 78.26, 187.22, '2018-08-28', 1, 2, 1, 0, 1, NULL, NULL, '2019-03-10 08:54:35'),
(405, 11, 46.81, 0, 31.45, 78.26, 140.41, '2018-09-28', 1, 2, 1, 0, 1, NULL, NULL, '2019-03-10 08:55:13'),
(406, 11, 46.81, 0, 31.45, 78.26, 93.60, '2018-10-29', 1, 2, 1, 0, 1, NULL, NULL, '2019-03-10 08:55:55'),
(407, 11, 46.81, 0, 31.45, 78.26, 46.79, '2018-11-28', 1, 1, 1, 0, 1, NULL, NULL, '2019-03-10 08:57:58'),
(408, 11, 46.79, 0, 31.45, 78.24, 0.00, '2018-12-28', 0, 0, 1, 0, 1, NULL, NULL, '2019-03-10 08:02:52'),
(530, 29, 15.00, 0, 0.00, 15.00, 135.00, '2018-09-01', 0, 0, 1, 0, 1, 'first_payment_30', NULL, NULL),
(531, 29, 22.50, 24, 15.12, 37.62, 112.50, '2018-09-25', 0, 0, 1, 0, 1, NULL, NULL, NULL),
(532, 29, 22.50, 30, 12.60, 35.10, 90.00, '2018-10-25', 0, 0, 1, 0, 1, NULL, NULL, NULL),
(533, 29, 22.50, 32, 10.08, 32.58, 67.50, '2018-11-26', 0, 0, 1, 0, 1, NULL, NULL, NULL),
(534, 29, 22.50, 29, 7.56, 30.06, 45.00, '2018-12-25', 0, 0, 1, 0, 1, NULL, NULL, NULL),
(535, 29, 22.50, 31, 5.04, 27.54, 22.50, '2019-01-25', 0, 0, 1, 0, 1, NULL, NULL, NULL),
(536, 29, 22.50, 31, 2.52, 25.02, 0.00, '2019-02-25', 0, 0, 1, 0, 1, NULL, NULL, NULL),
(557, 30, 488.00, 0, 0.00, 488.00, 732.00, '2019-03-24', 0, 0, 1, 0, 1, 'first_payment_30', NULL, NULL),
(558, 30, 122.00, 1, 81.98, 203.98, 610.00, '2019-03-25', 0, 0, 1, 0, 1, NULL, NULL, NULL),
(559, 30, 122.00, 31, 68.32, 190.32, 488.00, '2019-04-25', 0, 0, 1, 0, 1, NULL, NULL, NULL),
(560, 30, 122.00, 30, 54.66, 176.66, 366.00, '2019-05-25', 0, 0, 1, 0, 1, NULL, NULL, NULL),
(561, 30, 122.00, 31, 40.99, 162.99, 244.00, '2019-06-25', 0, 0, 1, 0, 1, NULL, NULL, NULL),
(562, 30, 122.00, 30, 27.33, 149.33, 122.00, '2019-07-25', 0, 0, 1, 0, 1, NULL, NULL, NULL),
(563, 30, 122.00, 32, 13.66, 135.66, 0.00, '2019-08-26', 0, 0, 1, 0, 1, NULL, NULL, NULL),
(577, 26, 79.75, 0, 0.00, 79.75, 186.09, '2019-03-04', 0, 0, 1, 0, 1, 'first_payment_30', NULL, NULL),
(578, 26, 15.51, -337, 1.74, 17.24, 170.58, '2018-04-02', 0, 0, 1, 0, 1, NULL, NULL, NULL),
(579, 26, 15.51, 30, 1.74, 17.24, 155.07, '2018-05-02', 0, 0, 1, 0, 1, NULL, NULL, NULL),
(580, 26, 15.51, 31, 1.74, 17.24, 139.56, '2018-06-02', 0, 0, 1, 0, 1, NULL, NULL, NULL),
(581, 26, 15.51, 30, 1.74, 17.24, 124.05, '2018-07-02', 0, 0, 1, 0, 1, NULL, NULL, NULL),
(582, 26, 15.51, 30, 1.74, 17.24, 108.54, '2018-08-01', 0, 0, 1, 0, 1, NULL, NULL, NULL),
(583, 26, 15.51, 31, 1.74, 17.24, 93.03, '2018-09-01', 0, 0, 1, 0, 1, NULL, NULL, NULL),
(584, 26, 15.51, 30, 1.74, 17.24, 77.52, '2018-10-01', 0, 0, 1, 0, 1, NULL, NULL, NULL),
(585, 26, 15.51, 31, 1.74, 17.24, 62.01, '2018-11-01', 0, 0, 1, 0, 1, NULL, NULL, NULL),
(586, 26, 15.51, 30, 1.74, 17.24, 46.50, '2018-12-01', 0, 0, 1, 0, 1, NULL, NULL, NULL),
(587, 26, 15.51, 32, 1.74, 17.24, 30.99, '2019-01-02', 0, 0, 1, 0, 1, NULL, NULL, NULL),
(588, 26, 15.51, 30, 1.74, 17.24, 15.48, '2019-02-01', 0, 0, 1, 0, 1, NULL, NULL, NULL),
(589, 26, 15.48, 28, 1.74, 17.22, 0.00, '2019-03-01', 0, 0, 1, 0, 1, NULL, NULL, NULL),
(590, 33, 481.12, 0, 0.00, 481.12, 320.74, '2019-03-28', 0, 0, 1, 0, 1, 'first_payment_30', NULL, NULL),
(591, 33, 26.73, 2, 2.99, 29.72, 294.01, '2019-03-30', 0, 0, 1, 0, 1, NULL, NULL, NULL),
(592, 33, 26.73, 31, 2.99, 29.72, 267.28, '2019-04-30', 0, 0, 1, 0, 1, NULL, NULL, NULL),
(593, 33, 26.73, 30, 2.99, 29.72, 240.55, '2019-05-30', 0, 0, 1, 0, 1, NULL, NULL, NULL),
(594, 33, 26.73, 32, 2.99, 29.72, 213.82, '2019-07-01', 0, 0, 1, 0, 1, NULL, NULL, NULL),
(595, 33, 26.73, 29, 2.99, 29.72, 187.09, '2019-07-30', 0, 0, 1, 0, 1, NULL, NULL, NULL),
(596, 33, 26.73, 31, 2.99, 29.72, 160.36, '2019-08-30', 0, 0, 1, 0, 1, NULL, NULL, NULL),
(597, 33, 26.73, 32, 2.99, 29.72, 133.63, '2019-10-01', 0, 0, 1, 0, 1, NULL, NULL, NULL),
(598, 33, 26.73, 29, 2.99, 29.72, 106.90, '2019-10-30', 0, 0, 1, 0, 1, NULL, NULL, NULL),
(599, 33, 26.73, 31, 2.99, 29.72, 80.17, '2019-11-30', 0, 0, 1, 0, 1, NULL, NULL, NULL),
(600, 33, 26.73, 30, 2.99, 29.72, 53.44, '2019-12-30', 0, 0, 1, 0, 1, NULL, NULL, NULL),
(601, 33, 26.73, 31, 2.99, 29.72, 26.71, '2020-01-30', 0, 0, 1, 0, 1, NULL, NULL, NULL),
(602, 33, 26.71, 32, 2.99, 29.70, 0.00, '2020-03-02', 0, 0, 1, 0, 1, NULL, NULL, NULL),
(603, 34, 112.00, 0, 0.00, 112.00, 28.00, '2019-04-05', 0, 0, 1, 0, 1, 'first_payment_30', NULL, NULL),
(604, 34, 4.67, 1, 0.52, 5.19, 23.33, '2019-04-06', 0, 0, 1, 0, 1, NULL, NULL, NULL),
(605, 34, 4.67, 30, 0.52, 5.19, 18.66, '2019-05-06', 0, 0, 1, 0, 1, NULL, NULL, NULL),
(606, 34, 4.67, 31, 0.52, 5.19, 13.99, '2019-06-06', 0, 0, 1, 0, 1, NULL, NULL, NULL),
(607, 34, 4.67, 30, 0.52, 5.19, 9.32, '2019-07-06', 0, 0, 1, 0, 1, NULL, NULL, NULL),
(608, 34, 4.67, 31, 0.52, 5.19, 4.65, '2019-08-06', 0, 0, 1, 0, 1, NULL, NULL, NULL),
(609, 34, 4.65, 31, 0.52, 5.17, 0.00, '2019-09-06', 0, 0, 1, 0, 1, NULL, NULL, NULL),
(610, 35, 79.75, 0, 0.00, 79.75, 186.09, '2019-04-04', 0, 0, 1, 0, 1, 'first_payment_30', NULL, NULL),
(611, 35, 31.02, 1, 20.84, 51.86, 155.08, '2019-04-05', 0, 0, 1, 0, 1, NULL, NULL, NULL),
(612, 35, 31.02, 31, 17.37, 48.38, 124.07, '2019-05-06', 0, 0, 1, 0, 1, NULL, NULL, NULL),
(613, 35, 31.02, 30, 13.90, 44.91, 93.06, '2019-06-05', 0, 0, 1, 0, 1, NULL, NULL, NULL),
(614, 35, 31.02, 30, 10.42, 41.44, 62.05, '2019-07-05', 0, 0, 1, 0, 1, NULL, NULL, NULL),
(615, 35, 31.02, 31, 6.95, 37.96, 31.04, '2019-08-05', 0, 0, 1, 0, 1, NULL, NULL, NULL),
(616, 35, 31.04, 31, 3.48, 34.52, 0.00, '2019-09-05', 0, 0, 1, 0, 1, NULL, NULL, NULL),
(617, 36, 364.50, 0, 0.00, 364.50, 850.50, '2019-04-04', 1, 2, 1, 0, 1, 'first_payment_30', NULL, '2019-04-03 08:31:55'),
(618, 36, 141.75, 1, 15.88, 157.63, 708.75, '2019-04-05', 0, 0, 1, 0, 1, NULL, NULL, NULL),
(619, 36, 141.75, 31, 15.88, 157.63, 567.00, '2019-05-06', 0, 0, 1, 0, 1, NULL, NULL, NULL),
(620, 36, 141.75, 30, 15.88, 157.63, 425.25, '2019-06-05', 0, 0, 1, 0, 1, NULL, NULL, NULL),
(621, 36, 141.75, 30, 15.88, 157.63, 283.50, '2019-07-05', 0, 0, 1, 0, 1, NULL, NULL, NULL),
(622, 36, 141.75, 31, 15.88, 157.63, 141.75, '2019-08-05', 0, 0, 1, 0, 1, NULL, NULL, NULL),
(623, 36, 141.75, 31, 15.88, 157.63, 0.00, '2019-09-05', 0, 0, 1, 0, 1, NULL, NULL, NULL),
(624, 40, 1014.00, 0, 0.00, 1014.00, 2366.00, '2019-05-03', 1, 2, 1, 0, 1, 'first_payment_30', NULL, '2019-05-03 04:14:18'),
(625, 40, 394.33, 2, 44.17, 438.50, 1971.67, '2019-05-06', 1, 2, 1, 0, 1, NULL, NULL, '2019-05-03 04:16:24'),
(626, 40, 394.33, 30, 44.17, 438.50, 1577.34, '2019-06-05', 1, 2, 1, 0, 1, NULL, NULL, '2019-05-03 04:17:37'),
(627, 40, 394.33, 30, 44.17, 438.50, 1183.01, '2019-07-05', 1, 2, 1, 0, 1, NULL, NULL, '2019-05-03 04:18:09'),
(628, 40, 394.33, 31, 44.17, 438.50, 788.68, '2019-08-05', 1, 1, 1, 0, 1, NULL, NULL, '2019-05-03 04:18:58'),
(629, 40, 394.33, 31, 44.17, 438.50, 394.35, '2019-09-05', 0, 0, 1, 0, 1, NULL, NULL, NULL),
(630, 40, 394.35, 30, 44.17, 438.52, 0.00, '2019-10-05', 0, 0, 1, 0, 1, NULL, NULL, NULL),
(663, 43, 50.00, 21, 0.50, 50.50, 250.00, '2019-05-20', 0, 0, 1, 0, 1, NULL, NULL, NULL),
(664, 43, 50.00, 19, 0.50, 50.50, 200.00, '2019-06-08', 0, 0, 1, 0, 1, NULL, NULL, NULL),
(665, 43, 50.00, 61, 0.50, 50.50, 150.00, '2019-08-08', 0, 0, 1, 0, 1, NULL, NULL, NULL),
(666, 43, 50.00, 32, 0.50, 50.50, 100.00, '2019-09-09', 0, 0, 1, 0, 1, NULL, NULL, NULL),
(667, 43, 50.00, 29, 0.50, 50.50, 50.00, '2019-10-08', 0, 0, 1, 0, 1, NULL, NULL, NULL),
(668, 43, 50.00, 31, 0.50, 50.50, 0.00, '2019-11-08', 0, 0, 1, 0, 1, NULL, NULL, NULL),
(721, 41, 267.53, 20, 56.18, 323.72, 1337.67, '2019-04-25', 0, 0, 1, 0, 1, NULL, NULL, NULL),
(722, 41, 267.53, 21, 56.18, 323.72, 1070.14, '2019-05-16', 0, 0, 1, 0, 1, NULL, NULL, NULL),
(723, 41, 267.53, 60, 56.18, 323.72, 802.61, '2019-07-15', 0, 0, 1, 0, 1, NULL, NULL, NULL),
(724, 41, 267.53, 31, 56.18, 323.72, 535.08, '2019-08-15', 0, 0, 1, 0, 1, NULL, NULL, NULL),
(725, 41, 267.53, 32, 56.18, 323.72, 267.55, '2019-09-16', 0, 0, 1, 0, 1, NULL, NULL, NULL),
(726, 41, 267.55, 30, 56.18, 323.73, 0.00, '2019-10-16', 0, 0, 1, 0, 1, NULL, NULL, NULL),
(727, 8, 180.96, 0, 0.00, 180.96, 422.24, '2018-06-06', 0, 0, 1, 0, 1, 'first_payment_30', NULL, NULL),
(728, 8, 70.37, 30, 47.29, 117.66, 351.87, '2018-06-06', 0, 0, 1, 0, 1, NULL, NULL, NULL),
(729, 8, 70.37, 30, 47.29, 117.66, 281.50, '2018-07-06', 0, 0, 1, 0, 1, NULL, NULL, NULL),
(730, 8, 70.37, 62, 47.29, 117.66, 211.13, '2018-09-06', 0, 0, 1, 0, 1, NULL, NULL, NULL),
(731, 8, 70.37, 30, 47.29, 117.66, 140.76, '2018-10-06', 0, 0, 1, 0, 1, NULL, NULL, NULL),
(732, 8, 70.37, 31, 47.29, 117.66, 70.39, '2018-11-06', 0, 0, 1, 0, 1, NULL, NULL, NULL),
(733, 8, 70.39, 30, 47.29, 117.68, 0.00, '2018-12-06', 0, 0, 1, 0, 1, NULL, NULL, NULL);

-- --------------------------------------------------------

--
-- Table structure for table `cs_brand`
--

DROP TABLE IF EXISTS `cs_brand`;
CREATE TABLE IF NOT EXISTS `cs_brand` (
  `id` int(11) NOT NULL AUTO_INCREMENT,
  `name` varchar(255) CHARACTER SET utf8 DEFAULT NULL,
  `code` varchar(30) DEFAULT NULL,
  `description` text CHARACTER SET utf8,
  `deleted` int(11) DEFAULT '0',
  `created_at` datetime DEFAULT NULL,
  `updated_at` datetime DEFAULT NULL,
  PRIMARY KEY (`id`)
) ENGINE=InnoDB AUTO_INCREMENT=12 DEFAULT CHARSET=latin1;

--
-- Dumping data for table `cs_brand`
--

INSERT INTO `cs_brand` (`id`, `name`, `code`, `description`, `deleted`, `created_at`, `updated_at`) VALUES
(4, 'Panasonic', 'HP', 'A better life, A better world', 0, NULL, '2019-05-24 08:22:35'),
(6, 'SAMSUNG', 'SS', 'Welcome to the Samsung Cambodia page, where you can connect with Samsung and get the latest info on products, promotions, and more!', 0, NULL, '2019-05-24 08:24:03'),
(7, 'LG', 'LG', 'Good Life', 0, NULL, '2019-05-24 08:24:15'),
(8, 'TOSHIBA', 'VV', 'Toshiba Leading Innovation - Cambodia', 0, NULL, '2019-05-24 08:25:29'),
(9, 'Haier', 'HW', 'La Seine, Diamond Island', 0, NULL, '2019-05-24 08:26:54'),
(11, 'LSK', NULL, 'We introduce and advertise our products to our value customers also to differentiate of our products from the rest of other products', 0, NULL, '2019-05-24 08:28:43');

-- --------------------------------------------------------

--
-- Table structure for table `cs_categorys`
--

DROP TABLE IF EXISTS `cs_categorys`;
CREATE TABLE IF NOT EXISTS `cs_categorys` (
  `id` int(11) NOT NULL AUTO_INCREMENT,
  `name` varchar(60) CHARACTER SET latin1 DEFAULT NULL,
  `description` text CHARACTER SET latin1,
  `status` int(11) DEFAULT NULL,
  `user_id` int(11) DEFAULT NULL,
  `deleted` int(11) DEFAULT '0',
  `created_at` datetime DEFAULT NULL,
  `updated_at` datetime DEFAULT NULL,
  PRIMARY KEY (`id`)
) ENGINE=InnoDB AUTO_INCREMENT=17 DEFAULT CHARSET=utf8;

--
-- Dumping data for table `cs_categorys`
--

INSERT INTO `cs_categorys` (`id`, `name`, `description`, `status`, `user_id`, `deleted`, `created_at`, `updated_at`) VALUES
(1, 'Washing Machine', 'Wash clothes', 1, 54, 0, '2019-05-24 08:05:27', '2019-05-24 08:31:27'),
(2, 'Rice Cooker', 'Cooker', 1, 54, 0, '2019-05-24 08:05:08', '2019-05-24 08:32:08'),
(3, 'Air Conditioner', 'Cool and Health', 1, 54, 0, '2019-05-24 08:05:49', '2019-05-24 08:32:49'),
(4, 'TV', 'LED  HD and  Digital TV', 1, 54, 0, '2019-05-25 02:05:47', '2019-05-25 02:25:47'),
(5, 'Refrigerator', NULL, 1, 54, 0, '2019-05-24 08:05:15', '2019-05-24 08:34:15'),
(6, 'Frezer', NULL, 1, 54, 0, '2019-05-24 08:05:08', '2019-05-24 08:35:08'),
(7, 'Hot Pot', NULL, 1, 54, 0, '2019-05-24 08:05:48', '2019-05-24 08:35:48'),
(16, 'SMART TV', 'LED FULL HD', 1, 54, 0, '2019-05-25 02:05:34', NULL);

-- --------------------------------------------------------

--
-- Table structure for table `cs_clients`
--

DROP TABLE IF EXISTS `cs_clients`;
CREATE TABLE IF NOT EXISTS `cs_clients` (
  `id` int(11) NOT NULL AUTO_INCREMENT,
  `client_code` varchar(60) DEFAULT NULL,
  `branch_id` int(11) DEFAULT NULL,
  `user_id` int(11) DEFAULT NULL,
  `client_type_id` int(11) NOT NULL DEFAULT '0',
  `kh_name_first` varchar(60) DEFAULT NULL,
  `kh_name_last` varchar(60) DEFAULT NULL,
  `en_name_first` varchar(60) DEFAULT NULL,
  `en_name_last` varchar(60) DEFAULT NULL,
  `kh_username` varchar(60) DEFAULT NULL,
  `en_username` varchar(60) DEFAULT NULL,
  `gender` varchar(60) DEFAULT NULL,
  `dob` date DEFAULT NULL,
  `nationality` varchar(60) DEFAULT NULL,
  `identify_num` varchar(60) DEFAULT NULL,
  `identify_type` varchar(60) DEFAULT NULL,
  `identify_date` date DEFAULT NULL,
  `identify_by` varchar(60) DEFAULT NULL,
  `account_number` varchar(255) DEFAULT NULL,
  `home_num` varchar(60) CHARACTER SET latin1 DEFAULT NULL,
  `group_num` varchar(60) DEFAULT NULL,
  `street_num` varchar(60) DEFAULT NULL,
  `vilige` varchar(60) DEFAULT NULL,
  `commune` varchar(60) DEFAULT NULL,
  `district` varchar(60) DEFAULT NULL,
  `province` varchar(60) DEFAULT NULL,
  `phone` varchar(60) DEFAULT NULL,
  `email` varchar(100) DEFAULT NULL,
  `job` varchar(60) DEFAULT NULL,
  `place_job` varchar(60) DEFAULT NULL,
  `upload_relate_document` varchar(60) DEFAULT NULL,
  `staff_id` int(11) DEFAULT NULL,
  `status` int(11) DEFAULT NULL,
  `client_status` int(11) DEFAULT NULL,
  `description` text,
  `latitude` varchar(255) DEFAULT NULL,
  `longitude` varchar(255) DEFAULT NULL,
  `deleted` int(11) DEFAULT '0',
  `larvel_client` int(11) DEFAULT NULL,
  `created_at` datetime DEFAULT NULL,
  `updated_at` datetime DEFAULT NULL,
  `deleted_at` datetime DEFAULT NULL,
  PRIMARY KEY (`id`)
) ENGINE=InnoDB AUTO_INCREMENT=24 DEFAULT CHARSET=utf8;

--
-- Dumping data for table `cs_clients`
--

INSERT INTO `cs_clients` (`id`, `client_code`, `branch_id`, `user_id`, `client_type_id`, `kh_name_first`, `kh_name_last`, `en_name_first`, `en_name_last`, `kh_username`, `en_username`, `gender`, `dob`, `nationality`, `identify_num`, `identify_type`, `identify_date`, `identify_by`, `account_number`, `home_num`, `group_num`, `street_num`, `vilige`, `commune`, `district`, `province`, `phone`, `email`, `job`, `place_job`, `upload_relate_document`, `staff_id`, `status`, `client_status`, `description`, `latitude`, `longitude`, `deleted`, `larvel_client`, `created_at`, `updated_at`, `deleted_at`) VALUES
(1, 'TK201910031', 3, 50, 2, 'ឈឿន', 'សុជាតិ', 'Chhoeun', 'Socheat', 'ឈឿន សុជាតិ', 'Chhoeun Socheat', 'F', '1992-01-01', '1', '125896374', '1', NULL, '1', NULL, '45', '77', '88', 'ភូមិ ១', 'កំពង់ស្វាយ', '៧មករា', 'ខេត្តកំពង់ធំ', '016-707-044', NULL, 'Web Developer', 'Phnom Penh', 'kitchen_adventurer_caramel.jpg', NULL, NULL, 0, 'JUST FOR TESTING', NULL, NULL, 0, 0, '2018-04-27 08:04:58', '2018-04-27 08:25:58', NULL),
(2, 'PN201910032', 2, 50, 1, 'ការិ  Provin', 'រិវិកា', 'Kari Provin', 'Rivika', 'ការិ  Provin រិវិកា', 'Kari Provin Rivika', 'F', '1945-07-05', '1', '025975214', '1', NULL, '1', NULL, '258', '89', 'លំ', 'ភូមិ ១', 'កំពង់ស្វាយ', '៧មករា', 'ខេត្តកំពង់ធំ', '016-957-852', NULL, 'គ្រូបង្រៀន', 'ភ្នំពេញ', 'SP4_Typecover_Blue_AngleView_V2.jpg', NULL, NULL, 0, 'Just for test', NULL, NULL, 0, 0, '2018-04-27 08:04:07', '2018-04-27 08:23:07', NULL),
(8, 'PN201910038', 2, 50, 1, 'ការិ', 'រិវិកា6', 'Kari', 'Rivika', 'ការិ រិវិកា', 'Kari Rivika', 'F', '1945-07-05', '1', '025975214', '1', NULL, '1', NULL, '258', '47', 'លំ', 'តាប៉ោង', 'កំពង់ស្វាយ', 'កំពង់ស្វាយ', 'ខេត្តកំពង់ធំ', '016-957-852', NULL, 'គ្រូបង្រៀន', 'ភ្នំពេញ', 'SP4_Typecover_Blue_AngleView_V2.jpg', NULL, NULL, 0, 'Just for test', NULL, NULL, 0, 0, '2018-04-19 09:04:33', NULL, NULL),
(9, 'TK201910039', 3, 50, 2, 'រ័ត្ន', 'ប្រតិកា', 'Roth', 'Brotika', 'រ័ត្ន ប្រតិកា', 'Roth Brotika', 'F', '1992-07-11', '1', '598', '4', NULL, '1', NULL, '96', '23', '85', 'ភូមិ ១', 'កំពង់ស្វាយ', '៧មករា', 'ខេត្តកំពង់ធំ', '023-647-000', NULL, 'Web Developer', 'Phnom Penh', 'blue-flower.jpg', NULL, NULL, 0, 'This is version for edit', '2596', '1475', 0, 0, '2018-04-27 08:04:48', '2018-04-27 08:17:48', NULL),
(10, 'TK2019100310', 3, 50, 2, 'រិទ', 'និនួន', 'Rit', 'Ninoun', 'រិទ និនួន', 'Rit Ninoun', 'F', '1992-06-11', '2', '0136699', 'protocol', NULL, '2', NULL, '14', '8', '2002', 'ភូមិ ១', 'អូរឫស្សីទី ៣', '៧មករា', 'រាជធានីភ្នំពេញ', '026-974-244', NULL, 'Web Developer', 'Phnom Penh', '8.jpg', NULL, NULL, 0, 'just test for you  FGDSGDFG', '7', '8', 0, 0, '2018-04-26 02:04:04', '2018-04-26 14:35:04', NULL),
(11, 'PN2019100311', 2, 50, 1, 'ឈឿន', 'សុផល', 'Chhoeun', 'Sophal', 'ឈឿន សុផល', 'Chhoeun Sophal', 'F', '1990-10-10', '1', '097367473', '1', NULL, '1', NULL, '156', NULL, '2002', 'ភូមិ ១', 'ទឹកថ្លា', 'សែនសុខ', 'រាជធានីភ្នំពេញ', '098-738-382', NULL, 'Teacher', 'Phnom Penh', 'hh2.png', NULL, NULL, 0, 'hello world', NULL, NULL, 0, 0, '2019-02-17 06:02:29', NULL, NULL),
(12, 'PN2019100312', 2, 50, 1, 'ទ្រី', 'ដារ', 'Tree', 'Da', 'ទ្រី ដារ', 'Tree Da', 'M', '1945-04-02', '1', '234567567', '1', NULL, '1', NULL, NULL, NULL, NULL, 'ភូមិ ១', 'ទន្លេបាសាក់', 'ចំការមន', 'រាជធានីភ្នំពេញ', '098-764-657', NULL, 'Teacher', 'phnom peng', '', NULL, NULL, 0, 'hello world', NULL, NULL, 0, 0, '2019-03-02 04:03:36', NULL, NULL),
(13, 'PN2019100313', 2, 50, 1, 'សុខ', 'សៅ', 'Sok', 'Sour', 'សុខ សៅ', 'Sok Sour', 'M', '1946-08-04', '1', '235642434', '1', NULL, '1', NULL, NULL, NULL, NULL, 'ភូមិ ៥', 'បឹងកេងកងទី ១', 'បរសេដ្ឋ', 'ខេត្តកំពង់ស្ពឺ', '098-756-323', NULL, 'Teacher', 'Phnom penh', '', NULL, NULL, 0, 'now', NULL, NULL, 0, 0, '2019-03-02 04:03:55', NULL, NULL),
(14, 'PN2019100314', 2, 50, 1, 'មូ', 'រេមា', 'Mo', 'Rema', 'មូ រេមា', 'Mo Rema', 'M', '1944-07-07', '1', '234597609', '1', NULL, '1', NULL, NULL, NULL, NULL, 'ភូមិ ៦', 'ទួលស្វាយព្រៃទី ២', 'កណ្ដាលស្ទឹង', 'ខេត្តកណ្ដាល', '047-485-345', NULL, 'web developer', 'hello world', '', NULL, NULL, 0, 'new world', NULL, NULL, 0, 0, '2019-03-02 04:03:22', NULL, NULL),
(15, 'PN2019100315', 2, 50, 1, 'បាន', 'វី', 'Ban', 'Vi', 'បាន វី', 'Ban Vi', 'F', '1943-04-03', '1', '398876688', '1', NULL, '1', NULL, NULL, NULL, NULL, 'ភូមិ ១', 'ទួលស្វាយព្រៃទី ២', 'អង្គរបូរី', 'ខេត្តតាកែវ', '093-277-468', NULL, 'Sale', 'Phnom Penh', '', NULL, NULL, 0, 'new payment', NULL, NULL, 0, 0, '2019-03-02 04:03:00', NULL, NULL),
(16, 'PN2019100316', 2, 50, 1, 'នាមេ​', 'យូនា', 'Namea', 'Yuna', 'នាមេ​ យូនា', 'Namea Yuna', 'M', '1947-07-06', '1', '098753345', '1', NULL, '1', NULL, NULL, NULL, NULL, 'ភូមិ ១', 'អូឡាំពិក', 'អង្គរជ័យ', 'ខេត្តកំពត', '098-734-452', NULL, 'HR', 'Phnom Penh', '', NULL, NULL, 0, 'new payment world', NULL, NULL, 0, 0, '2019-03-02 04:03:02', NULL, NULL),
(17, 'PN2019100317', 2, 50, 1, 'លិវ', 'វុធិ', 'Liv', 'Vuthy', 'លិវ វុធិ', 'Liv Vuthy', 'M', '1946-01-02', '1', '097737445', '1', NULL, '1', NULL, '345', '34', '3333', 'ភូមិ ១', 'បឹងកេងកងទី ១', 'ចំការមន', 'រាជធានីភ្នំពេញ', '094-837-494', NULL, 'Web Developer', 'Phnom Penh', '10.jpg', NULL, NULL, 0, 'new', NULL, NULL, 0, 0, '2019-05-07 06:05:17', '2019-05-07 06:36:17', NULL),
(18, 'PN2019031018', 2, 50, 1, 'ឡុង', 'រតនា', 'Long', 'Rothana', 'ឡុង រតនា', 'Long Rothana', 'M', '1960-03-01', '1', '298473445', '1', NULL, '1', NULL, '44', '545', '333', 'ភូមិ ៧', 'បូរីជលសារ', 'បូរីជលសារ', 'ខេត្តតាកែវ', '094-837-364', NULL, 'Accountant', 'Khompong Thom', '5(1).jpg', NULL, NULL, 0, 'new wold', NULL, NULL, 0, 0, '2019-05-07 05:05:59', '2019-05-07 05:04:59', NULL),
(19, 'PN2019032119', 2, 50, 1, 'ហឿន', 'ដាលិស', 'Hoeun', 'Dalis', 'ហឿន ដាលិស', 'Hoeun Dalis', 'F', '1991-05-15', '1', '234566789', '1', NULL, '1', NULL, NULL, NULL, NULL, 'ភូមិ ៨', 'បឹងកេងកងទី ២', 'កំពង់ត្រាច', 'ខេត្តកំពង់ធំ', '093-762-629', NULL, 'Social Affair', 'Phnom Pehn', 'chair.jpg', NULL, NULL, 0, 'new client to redirect', NULL, NULL, 0, 0, '2019-03-21 03:03:36', '2019-03-21 15:30:36', NULL),
(20, 'PN2019050920', 2, 50, 1, 'លិវ', 'ឡុង', 'Liv', 'Li', 'លិវ ឡុង', 'Liv Li', 'M', '1946-07-03', '1', '756765865858', '1', NULL, '1', NULL, '456', '65', '676', 'ភូមិ ៦', 'បឹងកេងកងទី ២', 'អង្គស្នួល', 'ខេត្តកណ្ដាល', '123-115-656', NULL, 'Teacher', 'PP', '', NULL, NULL, 0, 'etes', '343', '4545', 0, 0, '2019-05-09 01:05:59', '2019-05-09 01:49:59', NULL),
(21, 'PN2019051721', 2, 54, 1, 'លី', 'ណា', 'Ly', 'Na', 'លី ណា', 'Ly Na', 'M', '1946-06-04', '1', '098374632', '1', NULL, '1', NULL, '22', '32', '34', 'ភូមិ ៧', 'ដង្កោ', 'ដង្កោ', 'ខេត្តបន្ទាយមានជ័យ', '022-111-233', NULL, 'Hacker', 'PP', '', NULL, NULL, 0, 'New Client', NULL, NULL, 0, 0, '2019-05-24 08:05:59', '2019-05-24 08:38:59', NULL),
(22, 'PN2019051822', 2, 54, 2, 'លី', 'ណា', 'Ly', 'Na', 'លី ណា', 'Ly Na', 'F', '1945-05-04', '1', '012421121', '1', NULL, '1', NULL, '12', '2', '5', 'ភូមិ ៥', 'ទឹកល្អក់ទី ២', 'ទួលគោក', 'រាជធានីភ្នំពេញ', '012-002-001', NULL, 'Hacker', 'PP', '', NULL, NULL, 0, NULL, NULL, NULL, 0, 0, '2019-05-18 03:05:33', '2019-05-18 03:12:34', NULL),
(23, 'PN2019052523', 2, 50, 1, 'សុត', 'សុន', 'Sot', 'Son', 'សុត សុន', 'Sot Son', 'M', '1989-03-03', '1', '010442222', '1', '1945-06-04', '1', NULL, '02', '01', '5', 'ទួលគោក', 'ទួលសង្កែ', 'ឫស្សីកែវ', 'រាជធានីភ្នំពេញ', '010-327-722', NULL, 'លក់ដូរ', 'ភ្នំពេញ', '', NULL, NULL, 0, NULL, NULL, NULL, 0, 0, '2019-05-29 07:05:48', '2019-05-29 07:37:48', NULL);

-- --------------------------------------------------------

--
-- Table structure for table `cs_clients_type`
--

DROP TABLE IF EXISTS `cs_clients_type`;
CREATE TABLE IF NOT EXISTS `cs_clients_type` (
  `id` int(11) NOT NULL AUTO_INCREMENT,
  `name` varchar(255) NOT NULL,
  `dispay_name` varchar(60) NOT NULL,
  PRIMARY KEY (`id`)
) ENGINE=InnoDB AUTO_INCREMENT=3 DEFAULT CHARSET=utf8;

--
-- Dumping data for table `cs_clients_type`
--

INSERT INTO `cs_clients_type` (`id`, `name`, `dispay_name`) VALUES
(1, 'pay_by_credit', 'Pay by Credit'),
(2, 'direct_payment', 'Direct Payment');

-- --------------------------------------------------------

--
-- Table structure for table `cs_client_andsub_clients`
--

DROP TABLE IF EXISTS `cs_client_andsub_clients`;
CREATE TABLE IF NOT EXISTS `cs_client_andsub_clients` (
  `client_id` int(11) DEFAULT '0',
  `sub_client_id` int(11) DEFAULT '0'
) ENGINE=MyISAM DEFAULT CHARSET=utf8;

--
-- Dumping data for table `cs_client_andsub_clients`
--

INSERT INTO `cs_client_andsub_clients` (`client_id`, `sub_client_id`) VALUES
(19, 8),
(11, 9),
(20, 28),
(20, 34),
(20, 32),
(19, 17),
(19, 18),
(21, 35),
(20, 36),
(23, 38),
(1, 42);

-- --------------------------------------------------------

--
-- Table structure for table `cs_client_andthird_clients`
--

DROP TABLE IF EXISTS `cs_client_andthird_clients`;
CREATE TABLE IF NOT EXISTS `cs_client_andthird_clients` (
  `client_id` int(11) DEFAULT '0',
  `third_client_id` int(11) DEFAULT '0'
) ENGINE=MyISAM DEFAULT CHARSET=utf8;

-- --------------------------------------------------------

--
-- Table structure for table `cs_command_finish_credit_sale`
--

DROP TABLE IF EXISTS `cs_command_finish_credit_sale`;
CREATE TABLE IF NOT EXISTS `cs_command_finish_credit_sale` (
  `id` int(11) NOT NULL AUTO_INCREMENT,
  `user_id` int(11) NOT NULL,
  `user_command_finish_id` int(11) DEFAULT NULL,
  `cs_schedules_id` int(11) NOT NULL,
  `date_last_payment` date NOT NULL,
  `command_finish` text NOT NULL,
  `status_of_finish` int(11) NOT NULL,
  `note` text,
  `created_at` date DEFAULT NULL,
  `updated_at` date DEFAULT NULL,
  PRIMARY KEY (`id`)
) ENGINE=MyISAM AUTO_INCREMENT=13 DEFAULT CHARSET=utf8;

--
-- Dumping data for table `cs_command_finish_credit_sale`
--

INSERT INTO `cs_command_finish_credit_sale` (`id`, `user_id`, `user_command_finish_id`, `cs_schedules_id`, `date_last_payment`, `command_finish`, `status_of_finish`, `note`, `created_at`, `updated_at`) VALUES
(12, 50, NULL, 11, '2018-11-28', 'test', 2, 'test', NULL, '2019-05-06');

-- --------------------------------------------------------

--
-- Table structure for table `cs_currency`
--

DROP TABLE IF EXISTS `cs_currency`;
CREATE TABLE IF NOT EXISTS `cs_currency` (
  `id` int(11) NOT NULL AUTO_INCREMENT,
  `name` varchar(255) DEFAULT NULL,
  `name_kh` varchar(255) DEFAULT NULL,
  `value_option` varchar(255) DEFAULT NULL,
  `value_key` varchar(11) DEFAULT NULL,
  `currency_status` int(11) NOT NULL,
  `note` text,
  `deleted` int(11) DEFAULT NULL,
  `created_at` datetime DEFAULT NULL,
  `updated_at` datetime DEFAULT NULL,
  PRIMARY KEY (`id`)
) ENGINE=InnoDB AUTO_INCREMENT=3 DEFAULT CHARSET=utf8;

--
-- Dumping data for table `cs_currency`
--

INSERT INTO `cs_currency` (`id`, `name`, `name_kh`, `value_option`, `value_key`, `currency_status`, `note`, `deleted`, `created_at`, `updated_at`) VALUES
(1, 'DOLAR ', 'ដុល្លា', 'US', '$', 1, NULL, 1, NULL, NULL),
(2, 'KHMER', 'រៀល', 'KHM', '៛', 1, 'good', 1, NULL, NULL);

-- --------------------------------------------------------

--
-- Table structure for table `cs_deliveries`
--

DROP TABLE IF EXISTS `cs_deliveries`;
CREATE TABLE IF NOT EXISTS `cs_deliveries` (
  `id` int(11) NOT NULL AUTO_INCREMENT,
  `user_id` int(11) NOT NULL,
  `first_name` varchar(255) NOT NULL,
  `last_name` varchar(255) NOT NULL,
  `email` varchar(255) NOT NULL,
  `phone_number` int(11) NOT NULL,
  `identify_card` int(11) NOT NULL,
  `address` varchar(255) NOT NULL,
  `status` int(11) NOT NULL,
  `deleted` int(11) NOT NULL,
  `created_at` datetime DEFAULT NULL,
  `updated_at` datetime DEFAULT NULL,
  PRIMARY KEY (`id`)
) ENGINE=MyISAM DEFAULT CHARSET=utf8;

-- --------------------------------------------------------

--
-- Table structure for table `cs_exchange_rate`
--

DROP TABLE IF EXISTS `cs_exchange_rate`;
CREATE TABLE IF NOT EXISTS `cs_exchange_rate` (
  `id` int(10) UNSIGNED NOT NULL AUTO_INCREMENT,
  `real` int(11) NOT NULL,
  `us` int(11) NOT NULL,
  `sign_kh` varchar(10) COLLATE utf8_unicode_ci DEFAULT NULL,
  `sign_us` varchar(10) COLLATE utf8_unicode_ci DEFAULT NULL,
  PRIMARY KEY (`id`)
) ENGINE=InnoDB AUTO_INCREMENT=2 DEFAULT CHARSET=utf8 COLLATE=utf8_unicode_ci;

--
-- Dumping data for table `cs_exchange_rate`
--

INSERT INTO `cs_exchange_rate` (`id`, `real`, `us`, `sign_kh`, `sign_us`) VALUES
(1, 4030, 1, '៛', '$');

-- --------------------------------------------------------

--
-- Table structure for table `cs_history_log`
--

DROP TABLE IF EXISTS `cs_history_log`;
CREATE TABLE IF NOT EXISTS `cs_history_log` (
  `id` int(11) NOT NULL AUTO_INCREMENT,
  `ip_log` varchar(60) DEFAULT NULL,
  `active` text,
  `user_id` int(11) DEFAULT NULL,
  `status` int(11) DEFAULT NULL COMMENT '1 => view , 2 => create , 3 => update , 4 => delete , 5 => search',
  `create_date` datetime DEFAULT NULL,
  `what_id` int(11) DEFAULT NULL,
  `method` varchar(60) DEFAULT NULL,
  `date_login` datetime DEFAULT NULL,
  `date_logout` datetime DEFAULT NULL,
  PRIMARY KEY (`id`)
) ENGINE=InnoDB AUTO_INCREMENT=3 DEFAULT CHARSET=utf8;

--
-- Dumping data for table `cs_history_log`
--

INSERT INTO `cs_history_log` (`id`, `ip_log`, `active`, `user_id`, `status`, `create_date`, `what_id`, `method`, `date_login`, `date_logout`) VALUES
(1, '::1', 'លុបការកំណត់ថ្ងៃឈប់សំរាក់', 50, 4, '2018-06-06 08:06:32', 3, 'public holiday', NULL, NULL),
(2, '::1', 'លុបការកំណត់ថ្ងៃឈប់សំរាក់', 50, 4, '2018-07-24 05:07:10', 2, 'public holiday', NULL, NULL);

-- --------------------------------------------------------

--
-- Table structure for table `cs_image_data`
--

DROP TABLE IF EXISTS `cs_image_data`;
CREATE TABLE IF NOT EXISTS `cs_image_data` (
  `id` int(11) NOT NULL AUTO_INCREMENT,
  `image_value` varchar(255) DEFAULT NULL,
  `meta_value` varchar(255) DEFAULT NULL,
  `dis` int(11) DEFAULT NULL,
  PRIMARY KEY (`id`)
) ENGINE=InnoDB AUTO_INCREMENT=57 DEFAULT CHARSET=utf8;

--
-- Dumping data for table `cs_image_data`
--

INSERT INTO `cs_image_data` (`id`, `image_value`, `meta_value`, `dis`) VALUES
(4, '4.jpg', 'cs_client_id', 2),
(5, '5.jpg', 'cs_client_id', 2),
(6, '101-1024x683.jpg', 'cs_client_id', 2),
(8, 'blue-flower.jpg', 'cs_client_id', 0),
(12, 'raindrops.jpg', 'cs_client_id', 0),
(26, '3.jpg', 'cs_client_id', 9),
(27, '2.jpg', 'cs_client_id', 9),
(28, '7.jpg', 'cs_client_id', 9),
(29, '3.jpg', 'cs_client_id', 9),
(30, '9.jpg', 'cs_client_id', 9),
(31, '7.jpg', 'cs_client_id', 9),
(32, '9.jpg', 'cs_client_id', 9),
(33, '11.jpg', 'cs_client_id', 10),
(34, 'b1.jpg', 'cs_client_id', 10),
(35, 'b2.jpg', 'cs_client_id', 10),
(36, 'kitchen_adventurer_caramel.jpg', 'cs_client_id', 1),
(37, 'kitchen_adventurer_cheesecake_brownie.jpg', 'cs_client_id', 1),
(38, 'kitchen_adventurer_donut.jpg', 'cs_client_id', 1),
(39, 'kitchen_adventurer_lemon.jpg', 'cs_client_id', 1),
(40, 'hh8.png', 'cs_client_id', 11),
(41, 'hh9.png', 'cs_client_id', 11),
(42, '6.jpg', 'cs_client_id', 17),
(43, '8(1).jpg', 'cs_client_id', 17),
(44, '8.jpg', 'cs_client_id', 17),
(45, '9(1).jpg', 'cs_client_id', 17),
(46, '9.jpg', 'cs_client_id', 17),
(47, '10(1).jpg', 'cs_client_id', 17),
(48, '10.jpg', 'cs_client_id', 17),
(49, '11(1).jpg', 'cs_client_id', 17),
(50, '11.jpg', 'cs_client_id', 17),
(51, '1.jpg', 'cs_client_id', 18),
(52, '2.jpg', 'cs_client_id', 18),
(53, '3.jpg', 'cs_client_id', 18),
(54, 'chair2.jpg', 'cs_client_id', 19),
(55, 'chair3.jpg', 'cs_client_id', 19),
(56, 'chair4.jpg', 'cs_client_id', 19);

-- --------------------------------------------------------

--
-- Table structure for table `cs_items`
--

DROP TABLE IF EXISTS `cs_items`;
CREATE TABLE IF NOT EXISTS `cs_items` (
  `id` int(11) NOT NULL AUTO_INCREMENT,
  `item_id` int(11) DEFAULT NULL,
  `add_number_id` int(11) DEFAULT NULL,
  `item_bacode` varchar(60) DEFAULT NULL,
  `category_id` int(11) DEFAULT NULL,
  `brand_id` int(11) DEFAULT NULL,
  `branch_id` int(11) DEFAULT NULL,
  `user_id` int(11) DEFAULT NULL,
  `supplier_id` int(11) DEFAULT '0',
  `name` varchar(255) CHARACTER SET utf8 COLLATE utf8_unicode_ci DEFAULT NULL,
  `qty` double(30,2) DEFAULT '0.00',
  `tax_include` double(30,2) DEFAULT '0.00',
  `commission_fixed` double(30,2) DEFAULT '0.00',
  `override_default_tax` int(11) DEFAULT '0',
  `override_default_commission` int(11) DEFAULT '0',
  `commission_give` double(30,2) DEFAULT '0.00',
  `cost_price` double(30,2) DEFAULT '0.00',
  `sell_price` double(30,2) DEFAULT '0.00',
  `promo_price` double(30,2) DEFAULT '0.00',
  `start_date` date DEFAULT NULL,
  `end_date` date DEFAULT NULL,
  `discount` double(30,2) DEFAULT '0.00',
  `pro_image` varchar(255) CHARACTER SET utf8 COLLATE utf8_unicode_ci DEFAULT NULL,
  `size` varchar(60) CHARACTER SET utf8 COLLATE utf8_unicode_ci DEFAULT NULL,
  `description` text CHARACTER SET utf8 COLLATE utf8_unicode_ci,
  `is_service` int(11) DEFAULT NULL,
  `quality` int(11) DEFAULT NULL,
  `status` int(11) DEFAULT '0',
  `recode_level` int(11) DEFAULT NULL,
  `deleted` int(11) DEFAULT '0',
  `created_at` datetime DEFAULT NULL,
  `updated_at` datetime DEFAULT NULL,
  PRIMARY KEY (`id`)
) ENGINE=InnoDB AUTO_INCREMENT=24 DEFAULT CHARSET=utf8;

--
-- Dumping data for table `cs_items`
--

INSERT INTO `cs_items` (`id`, `item_id`, `add_number_id`, `item_bacode`, `category_id`, `brand_id`, `branch_id`, `user_id`, `supplier_id`, `name`, `qty`, `tax_include`, `commission_fixed`, `override_default_tax`, `override_default_commission`, `commission_give`, `cost_price`, `sell_price`, `promo_price`, `start_date`, `end_date`, `discount`, `pro_image`, `size`, `description`, `is_service`, `quality`, `status`, `recode_level`, `deleted`, `created_at`, `updated_at`) VALUES
(3, NULL, 3, '0000000003', 8, 6, 2, 50, 1, 'Samsung Galaxy S', 0.00, NULL, 3.00, 1, 1, 0.00, 300.00, 400.00, 350.00, '2018-05-18', '2018-06-09', NULL, 'i5.jpg', NULL, 'Samsung Galaxy S', NULL, NULL, 1, NULL, 0, '2018-05-18 10:05:21', '2018-05-18 10:34:21'),
(4, NULL, 4, '0000000004', 8, 7, 2, 50, 3, 'LG G3 D885', 0.00, NULL, 0.00, 1, 1, 0.10, 117.00, 200.00, 150.00, '2018-05-18', '2018-06-09', NULL, 'i2.jpg', NULL, 'LG G3 D885', NULL, NULL, 1, NULL, 0, '2018-05-18 10:05:34', '2018-05-18 10:37:34'),
(6, NULL, 6, '0000000006', 9, 4, 2, 50, NULL, 'Ultra Wireless S50 Headphones S50 with Bluetooth', 0.00, NULL, 0.00, NULL, NULL, 0.00, 1000.00, 1215.00, NULL, NULL, NULL, NULL, 's1-1.jpg', NULL, 'Perfectly Done\r\nPraesent ornare, ex a interdum consectetur, lectus diam sodales elit, vitae egestas est enim ornare nisl. Nullam in lectus nec sem semper viverra. In lobortis egestas massa. Nam nec massa nisi. Suspendisse potenti. Quisque suscipit vulputate dui quis volutpat. Ut id elit facilisis, feugiat est in, tempus lacus. Ut ultrices dictum metus, a ultricies ex vulputate ac. Ut id cursus tellus, non tempor quam. Morbi porta diam nisi, id finibus nunc tincidunt eu.\r\n\r\nWireless\r\nFusce vitae nibh mi. Integer posuere, libero et ullamcorper facilisis, enim eros tincidunt orci, eget vestibulum sapien nisi ut leo. Cras finibus vel est ut mollis. Donec luctus condimentum ante et euismod.\r\n\r\nFresh Design\r\nInteger bibendum aliquet ipsum, in ultrices enim sodales sed. Quisque ut urna vitae lacus laoreet malesuada eu at massa. Pellentesque nibh augue, pellentesque nec dictum vel, pretium a arcu. Duis eu urna suscipit, lobortis elit quis, ullamcorper massa.\r\n\r\nFabolous Sound\r\nCras rutrum, nibh a sodales accumsan, elit sapien ultrices sapien, eget semper lectus ex congue elit. Nullam dui elit, fermentum a varius at, iaculis non dolor. In hac habitasse platea dictumst.', NULL, NULL, 1, NULL, 0, '2018-07-15 06:07:16', '2018-07-15 06:10:16'),
(7, NULL, 7, '0000000007', 8, 6, 2, 50, NULL, 'Samsung Galaxy S4 32GB White', 0.00, NULL, 0.00, NULL, NULL, 0.00, 700.00, 800.00, NULL, NULL, NULL, NULL, '3.jpg', NULL, 'Suspendisse posuere arcu diam, id accumsan eros pharetra ac. Nulla enim risus, facilisis bibendum gravida eget, lacinia id purus. Suspendisse posuere arcu diam, id accumsan eros pharetra ac. Nulla enim risus, facilisis bibendum gravida eget, lacinia id purus. Susp endisse posuere arcu diam, id accumsan eros pharetra ac.', NULL, NULL, 1, NULL, 0, '2018-07-15 06:07:49', '2018-07-15 06:12:49'),
(8, NULL, 8, '0000000008', 11, 7, 2, 50, NULL, 'LG Electronics 32LN520B', 0.00, NULL, 0.00, NULL, NULL, 0.00, 80.00, 150.00, NULL, NULL, NULL, NULL, 'LG-Electronics-32LN520B-32-Inch-720p-60Hz-LED-TV_03-90x90.png', NULL, 'Comfort is a very important thing nowadays because it is a condition of satisfaction and calmness. It is clear that our way of life must be as comfortable as possible. Home electronics satisfy our wishes and make our life more pleasant. We must admit that our way of life depends on quality of different goods of popular brands. Many of our clients were surprised by the incredible assortment of products in our store. You know, we have many devoted customers all over the world, and this fact proves that we sell only quality commodities. Recipe of our success is a fair price and premium quality. We understand that it is very complicated to amaze present clients, they are so whimsical, but our products are very flexible and reliable.\r\nHere you can find something more than just home electronics; you can find real comfort and satisfaction here! Our goods are the combination of perfect design and an ideal functionality. We have a tremendous variety of different models. Nowadays clients’ claims become so scrupulous that sometimes it is very hard to satisfy them. But we provide only real bestsellers and our products have a great number of options that can really help you. You’ll be amazed with its simplicity and durability.\r\nOur manufacturers and vendors provide only new technologies and it is very important because nowadays we see a furious development of electronics industry. We also provide different economical, social and even technological researches. The main goal of their analysis is to find out the changes of clients’ demands and other useful data. We are trying to introduce positive results of our explorations.\r\nIf you want to know more information about our goods, terms, guarantees and other features, you can address our superb 24/7 support system. Also you can save some money at our store because we always provide different promos and you can get good discount and other benefits.\r\nRemember that only in our store you can buy fashionable, solid and very functional home electronics.', NULL, NULL, 1, NULL, 0, '2018-07-15 06:07:18', '2018-07-15 06:23:18'),
(9, NULL, 9, '0000000009', 14, 6, 2, 50, NULL, 'Frigidaire Energy Star', 0.00, NULL, 0.00, NULL, NULL, 0.00, 700.00, 1000.00, NULL, NULL, NULL, NULL, 'Frigidaire-Energy-Star-6.000-BTU-115V-Window-Mounted-Low-Profile-Air-Conditioner-w-Full-Function-Remote-Control-2-90x90.png', NULL, 'Comfort is a very important thing nowadays because it is a condition of satisfaction and calmness. It is clear that our way of life must be as comfortable as possible. Home electronics satisfy our wishes and make our life more pleasant. We must admit that our way of life depends on quality of different goods of popular brands. Many of our clients were surprised by the incredible assortment of products in our store. You know, we have many devoted customers all over the world, and this fact proves that we sell only quality commodities. Recipe of our success is a fair price and premium quality. We understand that it is very complicated to amaze present clients, they are so whimsical, but our products are very flexible and reliable.\r\nHere you can find something more than just home electronics; you can find real comfort and satisfaction here! Our goods are the combination of perfect design and an ideal functionality. We have a tremendous variety of different models. Nowadays clients’ claims become so scrupulous that sometimes it is very hard to satisfy them. But we provide only real bestsellers and our products have a great number of options that can really help you. You’ll be amazed with its simplicity and durability.\r\nOur manufacturers and vendors provide only new technologies and it is very important because nowadays we see a furious development of electronics industry. We also provide different economical, social and even technological researches. The main goal of their analysis is to find out the changes of clients’ demands and other useful data. We are trying to introduce positive results of our explorations.\r\nIf you want to know more information about our goods, terms, guarantees and other features, you can address our superb 24/7 support system. Also you can save some money at our store because we always provide different promos and you can get good discount and other benefits.\r\nRemember that only in our store you can buy fashionable, solid and very functional home electronics.', NULL, NULL, 1, NULL, 0, '2018-07-15 06:07:41', '2018-07-15 06:24:41'),
(10, NULL, 10, '0000000010', 8, 5, 2, 50, 24, 'iBall Slide Brace-X1 Tablet (Classic Silver)', 0.00, 1.00, 0.00, NULL, NULL, 0.00, 200.00, 265.84, 228.92, '2018-08-15', '2018-09-01', NULL, '1.jpg', NULL, '2 GB RAM | 16 GB ROM\r\n13 MP Primary Camera | 5 MP Front\r\nAndroid 4.4 (KitKat)\r\nBattery: 7800 mAh, Lithium - Polymer\r\nVoice Call (Dual Sim, GSM + WCDMA)', NULL, NULL, 1, NULL, 0, '2018-08-14 05:08:24', '2018-08-14 05:38:24'),
(11, NULL, 11, '0000000011', 5, 8, 2, 54, NULL, 'GR-A32(DS)', 0.00, NULL, 0.00, NULL, NULL, 0.00, 365.00, 429.00, NULL, NULL, NULL, NULL, 'img2.jpg', NULL, NULL, NULL, NULL, 1, NULL, 0, '2019-05-24 08:05:15', '2019-05-24 08:44:15'),
(12, NULL, NULL, 'ID000987', 12, 5, 2, 50, NULL, 'Refrigerator', 0.00, NULL, 0.00, NULL, NULL, 0.00, 250.00, 400.00, NULL, NULL, NULL, NULL, 'chair2.jpg', NULL, 'new product', NULL, NULL, 1, NULL, 0, '2019-03-21 02:03:16', NULL),
(13, NULL, NULL, 'ID0009873', 10, 5, 2, 50, NULL, 'Keyboard', 0.00, NULL, 0.00, NULL, NULL, 0.00, 5.00, 15.00, NULL, NULL, NULL, NULL, 'chair3.jpg', NULL, 'new key board', NULL, NULL, 1, NULL, 0, '2019-03-21 02:03:26', NULL),
(14, NULL, NULL, 'ID0923', 10, 9, 2, 50, NULL, 'Charger', 0.00, NULL, 0.00, NULL, NULL, 0.00, 10.00, 20.00, NULL, NULL, NULL, NULL, 'chair.jpg', NULL, 'new word', NULL, NULL, 1, NULL, 0, '2019-03-21 02:03:03', NULL),
(15, NULL, NULL, 'ID00124', 12, 6, 2, 50, NULL, 'FODO', 0.00, NULL, 0.00, NULL, NULL, 0.00, 100.00, 150.00, NULL, NULL, NULL, NULL, 'chair4.jpg', NULL, 'new world', NULL, NULL, 1, NULL, 0, '2019-03-21 02:03:56', NULL),
(16, NULL, 16, '0000000016', 15, 11, 2, 54, NULL, 'GR-A25(s)', 0.00, NULL, 0.00, NULL, NULL, 0.00, 250.00, 300.00, NULL, NULL, NULL, NULL, NULL, NULL, NULL, NULL, NULL, 1, NULL, 0, '2019-05-18 03:05:22', '2019-05-18 03:29:22'),
(17, NULL, 17, '0000000017', 5, 8, 2, 54, NULL, 'GR-A28 (S)', 0.00, NULL, 0.00, NULL, NULL, 0.00, 285.00, 365.00, NULL, NULL, NULL, NULL, NULL, NULL, NULL, NULL, NULL, 1, NULL, 0, '2019-05-24 08:05:13', '2019-05-24 08:42:13'),
(18, NULL, 18, '0000000018', 5, 8, 2, 54, NULL, 'GR-A25(S)', 0.00, NULL, 0.00, NULL, NULL, 0.00, 255.00, 319.00, NULL, NULL, NULL, NULL, NULL, NULL, NULL, NULL, NULL, 1, NULL, 0, '2019-05-24 08:05:18', '2019-05-24 08:47:18'),
(19, NULL, 19, '0000000019', 4, 8, 2, 54, NULL, '32L3750', 0.00, NULL, 0.00, NULL, NULL, 0.00, 160.00, 219.00, NULL, NULL, NULL, NULL, NULL, NULL, NULL, NULL, NULL, 1, NULL, 0, '2019-05-25 02:05:25', '2019-05-25 02:22:25'),
(20, NULL, 20, '0000000020', 4, NULL, 2, 54, NULL, '43L3750', 0.00, NULL, 0.00, NULL, NULL, 0.00, 285.00, 329.00, NULL, NULL, NULL, NULL, NULL, NULL, NULL, NULL, NULL, 1, NULL, 0, '2019-05-25 02:05:48', '2019-05-25 02:23:48'),
(21, NULL, 21, '0000000021', 4, NULL, 2, 54, NULL, '43L3750', 0.00, NULL, 0.00, NULL, NULL, 0.00, 285.00, 329.00, NULL, NULL, NULL, NULL, NULL, NULL, NULL, NULL, NULL, 1, NULL, 0, '2019-05-25 02:05:48', '2019-05-25 02:23:49'),
(22, NULL, 22, '0000000022', 4, 8, 2, 54, NULL, '49L3750', 0.00, NULL, 0.00, NULL, NULL, 0.00, 350.00, 429.00, NULL, NULL, NULL, NULL, NULL, NULL, NULL, NULL, NULL, 1, NULL, 0, '2019-05-25 02:05:31', '2019-05-25 02:29:31'),
(23, NULL, 23, '0000000023', 16, 8, 2, 54, NULL, '32L5650', 0.00, NULL, 0.00, NULL, NULL, 0.00, 185.00, 249.00, NULL, NULL, NULL, NULL, NULL, NULL, NULL, NULL, NULL, 1, NULL, 0, '2019-05-25 02:05:37', '2019-05-25 02:30:37');

-- --------------------------------------------------------

--
-- Table structure for table `cs_items_tax`
--

DROP TABLE IF EXISTS `cs_items_tax`;
CREATE TABLE IF NOT EXISTS `cs_items_tax` (
  `id` int(11) NOT NULL AUTO_INCREMENT,
  `item_id` int(11) NOT NULL,
  `name` varchar(60) COLLATE utf8_unicode_ci DEFAULT NULL,
  `percent` double(10,2) DEFAULT '0.00',
  PRIMARY KEY (`id`)
) ENGINE=MyISAM AUTO_INCREMENT=23 DEFAULT CHARSET=utf8 COLLATE=utf8_unicode_ci;

--
-- Dumping data for table `cs_items_tax`
--

INSERT INTO `cs_items_tax` (`id`, `item_id`, `name`, `percent`) VALUES
(20, 3, 'Tax 5', 0.15),
(19, 3, 'Tax 4', 0.14),
(18, 3, 'Tax 3', 0.13),
(17, 3, 'Tax 2', 0.12),
(16, 3, 'Tax 1', 0.11),
(21, 4, 'Tax 1', 0.10),
(22, 4, 'Tax 2', 0.20);

-- --------------------------------------------------------

--
-- Table structure for table `cs_it_images`
--

DROP TABLE IF EXISTS `cs_it_images`;
CREATE TABLE IF NOT EXISTS `cs_it_images` (
  `id` int(11) NOT NULL AUTO_INCREMENT,
  `product_id` int(11) DEFAULT NULL,
  `image` varchar(255) CHARACTER SET latin1 DEFAULT NULL,
  `user_id` int(11) DEFAULT NULL,
  `created_at` datetime DEFAULT NULL,
  `updated_at` datetime DEFAULT NULL,
  PRIMARY KEY (`id`)
) ENGINE=InnoDB DEFAULT CHARSET=utf8;

-- --------------------------------------------------------

--
-- Table structure for table `cs_payments_transactions`
--

DROP TABLE IF EXISTS `cs_payments_transactions`;
CREATE TABLE IF NOT EXISTS `cs_payments_transactions` (
  `id` int(11) NOT NULL AUTO_INCREMENT,
  `sale_id` int(11) DEFAULT '0',
  `payment_id` int(11) DEFAULT '0',
  `account_mount` float DEFAULT '0',
  `currecy_type` varchar(60) DEFAULT NULL,
  `payment_pay` varchar(60) DEFAULT NULL,
  `schedule_timesheet_pay_id` int(11) DEFAULT '0',
  PRIMARY KEY (`id`)
) ENGINE=MyISAM AUTO_INCREMENT=117 DEFAULT CHARSET=utf8mb4;

--
-- Dumping data for table `cs_payments_transactions`
--

INSERT INTO `cs_payments_transactions` (`id`, `sale_id`, `payment_id`, `account_mount`, `currecy_type`, `payment_pay`, `schedule_timesheet_pay_id`) VALUES
(4, 12, 0, 2165, '1', 'cash', 0),
(13, 15, 0, -800, '2', 'cash', 0),
(6, 14, 0, 472, '1', 'cash', 0),
(7, 14, 0, 2500, '2', 'cash', 0),
(12, 15, 0, -603, '1', 'cash', 0),
(11, 9, 0, 4526, '1', 'cash', 0),
(14, 16, 0, -472, '1', 'cash', 0),
(15, 16, 0, -2400, '2', 'cash', 0),
(17, 21, 0, -4073.4, '1', 'cash', 0),
(18, 22, 0, -1035, '1', 'cash', 0),
(20, 11, 0, 78.26, '1', 'cash', 1),
(21, 11, 0, 50, '1', 'cash', 2),
(22, 11, 0, 50, '1', 'cash', 3),
(23, 11, 0, 50, '1', 'cash', 2),
(24, 11, 0, 28.26, '1', 'cash', 3),
(25, 11, 0, 58.26, '1', 'cash', 4),
(26, 11, 0, 40, '1', 'cash', 4),
(27, 11, 0, 10, '1', 'cash', 5),
(28, 11, 0, 20, '1', 'cash', 6),
(29, 11, 0, 8.26, '1', 'cash', 7),
(30, 11, 0, 171.86, '1', 'cash', 8),
(31, 13, 0, 224.33, '1', 'cash', 9),
(32, 13, 0, 100, '1', 'cash', 10),
(33, 13, 0, 50, '1', 'cash', 11),
(34, 13, 0, 74.33, '1', 'cash', 12),
(35, 13, 0, 224.33, '1', 'cash', 13),
(36, 13, 0, 224.3, '1', 'cash', 14),
(37, 13, 0, 0.03, '1', 'cash', 15),
(38, 13, 0, 224.33, '1', 'cash', 16),
(39, 13, 0, 224.33, '1', 'cash', 17),
(40, 13, 0, 224.33, '1', 'cash', 18),
(41, 13, 0, 224.33, '1', 'cash', 19),
(42, 13, 0, 224.33, '1', 'cash', 20),
(43, 13, 0, 224.33, '1', 'cash', 21),
(44, 13, 0, 224.33, '1', 'cash', 22),
(45, 13, 0, 224.31, '1', 'cash', 23),
(46, 28, 0, 700, '1', 'cash', 0),
(47, 28, 0, 82000, '2', 'cash', 0),
(48, 23, 0, 166.14, '1', 'cash', 24),
(49, 23, 0, 100, '1', 'cash', 25),
(50, 23, 0, 66.14, '1', 'cash', 26),
(51, 23, 0, 166.14, '1', 'cash', 27),
(52, 23, 0, 7.48, '1', 'cash', 28),
(53, 23, 0, 804, '1', 'cash', 29),
(54, 24, 0, 29.26, '1', 'cash', 30),
(55, 24, 0, 29.26, '1', 'cash', 31),
(56, 24, 0, 29.26, '1', 'cash', 32),
(57, 24, 0, 3.22, '1', 'cash', 33),
(58, 24, 0, 3.22, '1', 'cash', 34),
(59, 23, 0, 364.5, '1', 'cash', 35),
(60, 23, 0, 166.14, '1', 'cash', 36),
(61, 11, 0, 120.36, '1', 'cash', 37),
(62, 11, 0, 78.26, '1', 'cash', 38),
(63, 11, 0, 78.26, '1', 'cash', 39),
(64, 11, 0, 40, '1', 'cash', 40),
(65, 11, 0, 120.26, '1', 'cash', 41),
(66, 11, 0, 120.36, '1', 'cash', 42),
(67, 11, 0, 78.26, '1', 'cash', 43),
(68, 11, 0, 78.26, '1', 'cash', 44),
(69, 11, 0, 40, '1', 'cash', 45),
(70, 11, 0, 38.26, '1', 'cash', 46),
(71, 11, 0, 78.26, '1', 'cash', 47),
(72, 11, 0, 78.26, '1', 'cash', 48),
(73, 11, 0, 78.24, '1', 'cash', 49),
(74, 13, 0, 345, '1', 'cash', 50),
(75, 13, 0, 224.33, '1', 'cash', 51),
(76, 13, 0, 224.33, '1', 'cash', 52),
(77, 13, 0, 5.61, '1', 'cash', 53),
(78, 13, 0, 224.33, '1', 'cash', 54),
(79, 13, 0, 224.33, '1', 'cash', 55),
(80, 13, 0, 358.48, '1', 'cash', 56),
(81, 24, 0, 45, '1', 'cash', 57),
(82, 24, 0, 29.26, '1', 'cash', 58),
(83, 24, 0, 20, '1', 'cash', 59),
(84, 24, 0, 9.26, '1', 'cash', 60),
(85, 24, 0, 29.26, '1', 'cash', 61),
(86, 24, 0, 29.26, '1', 'cash', 62),
(87, 24, 0, 29.26, '1', 'cash', 63),
(88, 11, 0, 120.36, '1', 'cash', 64),
(89, 11, 0, 78.26, '1', 'cash', 65),
(90, 11, 0, 40, '1', 'cash', 66),
(91, 11, 0, 30, '1', 'cash', 67),
(92, 11, 0, 8.26, '1', 'cash', 68),
(93, 11, 0, 78.26, '1', 'cash', 69),
(94, 11, 0, 78.26, '1', 'cash', 70),
(95, 11, 0, 120.36, '1', 'cash', 71),
(96, 11, 0, 78.26, '1', 'cash', 72),
(97, 11, 0, 30, '1', 'cash', 73),
(98, 11, 0, 40, '1', 'cash', 74),
(99, 11, 0, 8.26, '1', 'cash', 75),
(100, 11, 0, 78.26, '1', 'cash', 76),
(101, 11, 0, 78.26, '1', 'cash', 77),
(102, 11, 0, 48.26, '1', 'cash', 78),
(103, 11, 0, 78.26, '1', 'cash', 79),
(104, 11, 0, 78.26, '1', 'cash', 80),
(105, 11, 0, 125.05, '1', 'cash', 81),
(106, 36, 0, 364.5, '1', 'cash', 82),
(107, 24, 0, 29.26, '1', 'cash', 83),
(108, 40, 0, 1014, '1', 'cash', 84),
(109, 40, 0, 438.5, '1', 'cash', 85),
(110, 40, 0, 438.5, '1', 'cash', 86),
(111, 40, 0, 438.5, '1', 'cash', 87),
(112, 40, 0, 1227.18, '1', 'cash', 88),
(113, 41, 0, 1123.64, '1', 'cash', 89),
(114, 42, 0, 300, '1', 'cash', 0),
(115, 44, 0, 300, '1', 'cash', 0),
(116, 45, 0, 1886100, '2', 'cash', 0);

-- --------------------------------------------------------

--
-- Table structure for table `cs_payment_type`
--

DROP TABLE IF EXISTS `cs_payment_type`;
CREATE TABLE IF NOT EXISTS `cs_payment_type` (
  `id` int(11) NOT NULL AUTO_INCREMENT,
  `name` varchar(60) NOT NULL,
  `display_name` varchar(60) DEFAULT NULL,
  `description` text,
  PRIMARY KEY (`id`),
  KEY `name` (`name`)
) ENGINE=InnoDB DEFAULT CHARSET=utf8;

-- --------------------------------------------------------

--
-- Table structure for table `cs_penaty`
--

DROP TABLE IF EXISTS `cs_penaty`;
CREATE TABLE IF NOT EXISTS `cs_penaty` (
  `id` int(11) NOT NULL AUTO_INCREMENT,
  `name` varchar(50) DEFAULT NULL,
  `late_form` int(11) DEFAULT NULL,
  `at_late` int(11) DEFAULT NULL,
  `color` varchar(50) DEFAULT NULL,
  `note` text,
  `user_id` int(11) DEFAULT NULL,
  `percent_of_payment` float DEFAULT '0',
  `status` int(11) DEFAULT '1',
  `created_at` datetime DEFAULT NULL,
  `updated_at` datetime DEFAULT NULL,
  PRIMARY KEY (`id`)
) ENGINE=InnoDB AUTO_INCREMENT=7 DEFAULT CHARSET=utf8;

--
-- Dumping data for table `cs_penaty`
--

INSERT INTO `cs_penaty` (`id`, `name`, `late_form`, `at_late`, `color`, `note`, `user_id`, `percent_of_payment`, `status`, `created_at`, `updated_at`) VALUES
(1, 'P001', 1, 10, '#f27f7f', 'Late from 1 one until 10 day', 50, 0.5, 1, '2019-02-06 04:02:47', '2019-02-06 04:02:55'),
(3, 'P002', 11, 50, '#d63f3f', 'Bad Load', 50, 1, 1, '2019-02-08 02:02:13', NULL),
(4, 'P003', 51, 150, '#e81a1a', 'Loan Very Bad in problem load', 50, 2, 1, '2019-02-08 02:02:07', NULL),
(5, 'P004', 151, 365, '#960909', 'loan Has problem', 50, 5, 1, '2019-02-08 02:02:52', NULL),
(6, 'P005', 366, 700, '#ff1010', 'loan lost', 50, 10, 1, '2019-02-08 02:02:47', NULL);

-- --------------------------------------------------------

--
-- Table structure for table `cs_purchase_order`
--

DROP TABLE IF EXISTS `cs_purchase_order`;
CREATE TABLE IF NOT EXISTS `cs_purchase_order` (
  `id` int(11) NOT NULL AUTO_INCREMENT,
  `supplier_id` int(11) DEFAULT '0',
  `branch_id` int(11) DEFAULT '0',
  `user_id` int(11) DEFAULT '0',
  `stuff_order_id` int(11) DEFAULT '0',
  `stuff_receiving_id` int(11) DEFAULT '0',
  `invoice_num` varchar(60) DEFAULT NULL,
  `status` int(11) DEFAULT '0',
  `qty_order` double(16,2) DEFAULT '0.00',
  `qty_receiving` double DEFAULT '0',
  `active` int(11) DEFAULT '0',
  `order_date` date DEFAULT NULL,
  `order_modify_date` date DEFAULT NULL,
  `receiving_date` date DEFAULT NULL,
  `to_from_to` varchar(255) DEFAULT '0',
  `deposit_price` double(16,2) DEFAULT '0.00',
  `remain_price` double(16,2) DEFAULT '0.00',
  `total_price` double(15,2) DEFAULT '0.00',
  `sup_total_price` double(15,2) DEFAULT '0.00',
  `dute_total_price` double(15,2) DEFAULT '0.00',
  `currency` int(11) DEFAULT '0',
  `discount_percent` double(15,2) DEFAULT '0.00',
  `status_payment` varchar(60) DEFAULT NULL,
  `status_for_purchase` varchar(255) DEFAULT NULL,
  `command_purchase` text,
  `receiving_command` text,
  `is_receiving` int(11) DEFAULT '0',
  `supspend` int(11) DEFAULT '0',
  `created_at` datetime DEFAULT NULL,
  `updated_at` datetime DEFAULT NULL,
  `deleted` int(11) DEFAULT '0',
  PRIMARY KEY (`id`)
) ENGINE=InnoDB AUTO_INCREMENT=26 DEFAULT CHARSET=utf8;

--
-- Dumping data for table `cs_purchase_order`
--

INSERT INTO `cs_purchase_order` (`id`, `supplier_id`, `branch_id`, `user_id`, `stuff_order_id`, `stuff_receiving_id`, `invoice_num`, `status`, `qty_order`, `qty_receiving`, `active`, `order_date`, `order_modify_date`, `receiving_date`, `to_from_to`, `deposit_price`, `remain_price`, `total_price`, `sup_total_price`, `dute_total_price`, `currency`, `discount_percent`, `status_payment`, `status_for_purchase`, `command_purchase`, `receiving_command`, `is_receiving`, `supspend`, `created_at`, `updated_at`, `deleted`) VALUES
(20, 3, 2, 50, 0, 50, 'PO2018090620', 0, 0.00, 21, 0, NULL, '2018-09-06', '2018-09-06', '0', 0.00, 2056.40, 2550.00, 2120.00, 2056.40, 1, 3.00, 'receiving', 'done', NULL, 'hello world', 1, 1, NULL, '2018-09-06 05:10:18', 1),
(21, 3, 2, 50, 53, 50, 'PO2018122821', 1, 2.00, 2, 1, '2018-12-19', '2019-03-01', '2019-03-01', '0', 0.00, 1700.00, 1700.00, 1700.00, 1700.00, 1, 0.00, 'receiving', 'done', 'hello word', 'new payment', 1, 1, '2018-12-28 02:12:09', '2019-03-03 09:03:09', 1),
(22, 24, 2, 53, 0, 53, 'PO2018122822', 0, 0.00, 30, 0, NULL, '2018-12-28', '2018-12-28', '0', 0.00, 5800.00, 5800.00, 5800.00, 5800.00, 1, 0.00, 'receiving', 'done', NULL, 'just receiving', 1, 1, NULL, '2018-12-28 15:26:24', 1),
(23, 1, 2, 50, 50, 0, 'PO2019030323', 1, 1.00, 0, 1, '2019-03-03', '2019-03-03', NULL, '0', 0.00, 117.00, 117.00, 117.00, 117.00, 1, 0.00, 'purchas_order', 'pending', 'new', NULL, 0, 1, '2019-03-03 09:03:55', '2019-03-03 09:34:55', 1),
(24, 1, 2, 50, 50, 50, 'PO2019031624', 1, 20.00, 10, 1, '2019-03-16', '2019-03-18', '2019-03-18', '0', 0.00, 10000.00, 10000.00, 10000.00, 10000.00, 1, 0.00, 'receiving', 'done', 'order', 'sssa', 1, 1, '2019-03-16 08:03:13', '2019-03-16 08:03:26', 1),
(25, 3, 2, 50, 50, 0, 'PO2019050425', 1, 1.00, 0, 1, '2019-05-04', '2019-05-04', NULL, '0', 0.00, 80.00, 80.00, 80.00, 80.00, 1, 0.00, 'purchas_order', 'pending', NULL, NULL, 0, 1, '2019-05-04 05:05:07', '2019-05-04 05:03:07', 1);

-- --------------------------------------------------------

--
-- Table structure for table `cs_purchase_order_item`
--

DROP TABLE IF EXISTS `cs_purchase_order_item`;
CREATE TABLE IF NOT EXISTS `cs_purchase_order_item` (
  `id` int(11) NOT NULL AUTO_INCREMENT,
  `item_id` int(11) DEFAULT '0',
  `cs_purchase_order_id` int(11) DEFAULT '0',
  `qty_order` double(16,2) DEFAULT '0.00',
  `status` int(11) DEFAULT '0',
  `cost_price` double(16,2) DEFAULT '0.00',
  `qty_receiving` double(16,2) DEFAULT '0.00',
  `qty_free` double DEFAULT '0',
  `is_purchas` int(11) DEFAULT '0',
  `sub_total` double(16,2) DEFAULT '0.00',
  `total` double(16,2) DEFAULT '0.00',
  `tax` double(16,2) DEFAULT '0.00',
  `discount` double(16,2) DEFAULT '0.00',
  `updated_at` datetime DEFAULT NULL,
  PRIMARY KEY (`id`)
) ENGINE=InnoDB AUTO_INCREMENT=56 DEFAULT CHARSET=utf8;

--
-- Dumping data for table `cs_purchase_order_item`
--

INSERT INTO `cs_purchase_order_item` (`id`, `item_id`, `cs_purchase_order_id`, `qty_order`, `status`, `cost_price`, `qty_receiving`, `qty_free`, `is_purchas`, `sub_total`, `total`, `tax`, `discount`, `updated_at`) VALUES
(45, 5, 20, 0.00, 0, 50.00, 15.00, 5, 0, 500.00, 500.00, 0.00, 0.00, NULL),
(46, 3, 20, 0.00, 0, 300.00, 6.00, 0, 0, 1800.00, 1620.00, 0.00, 10.00, NULL),
(47, 6, 21, 1.00, 0, 1000.00, 1.00, 0, 0, 1000.00, 1000.00, 0.00, 0.00, '2019-03-03 09:37:09'),
(48, 7, 21, 1.00, 0, 700.00, 1.00, 0, 0, 700.00, 700.00, 0.00, 0.00, '2019-03-03 09:37:09'),
(49, 3, 22, 0.00, 0, 300.00, 10.00, 0, 0, 3000.00, 3000.00, 0.00, 0.00, NULL),
(50, 11, 22, 0.00, 0, 200.00, 10.00, 0, 0, 2000.00, 2000.00, 0.00, 0.00, NULL),
(51, 8, 22, 0.00, 0, 80.00, 10.00, 0, 0, 800.00, 800.00, 0.00, 0.00, NULL),
(52, 4, 23, 1.00, 0, 117.00, 0.00, 0, 0, 117.00, 115.83, 0.00, 0.00, NULL),
(53, 5, 24, 10.00, 0, 50.00, 0.00, 0, 0, 500.00, 45.00, 0.00, 0.00, NULL),
(54, 6, 24, 10.00, 0, 1000.00, 10.00, 0, 0, 10000.00, 10000.00, 0.00, 0.00, '2019-03-16 08:15:26'),
(55, 8, 25, 1.00, 0, 80.00, 0.00, 0, 0, 80.00, 79.20, 0.00, 0.00, NULL);

-- --------------------------------------------------------

--
-- Table structure for table `cs_purchase_order_payment`
--

DROP TABLE IF EXISTS `cs_purchase_order_payment`;
CREATE TABLE IF NOT EXISTS `cs_purchase_order_payment` (
  `id` int(11) NOT NULL AUTO_INCREMENT,
  `cs_purchase_order_id` int(11) DEFAULT '0',
  `total_payment_price` double(16,2) DEFAULT '0.00',
  `status_payment` varchar(60) DEFAULT '0',
  `currency` int(11) DEFAULT '0',
  `payment_type` varchar(60) DEFAULT '0',
  `status` varchar(60) DEFAULT NULL,
  PRIMARY KEY (`id`)
) ENGINE=MyISAM AUTO_INCREMENT=36 DEFAULT CHARSET=utf8;

--
-- Dumping data for table `cs_purchase_order_payment`
--

INSERT INTO `cs_purchase_order_payment` (`id`, `cs_purchase_order_id`, `total_payment_price`, `status_payment`, `currency`, `payment_type`, `status`) VALUES
(34, 24, 10000.00, 'receiving', 1, 'store_account', 'pay'),
(31, 23, 117.00, 'purchas_order', 1, 'store_account', 'pay'),
(30, 22, 5800.00, 'receiving', 1, 'store_account', 'pay'),
(32, 21, 1700.00, 'receiving', 1, 'cash', 'pay'),
(28, 20, 2056.40, 'receiving', 1, 'store_account', 'pay'),
(35, 25, 80.00, 'purchas_order', 1, 'store_account', 'pay');

-- --------------------------------------------------------

--
-- Table structure for table `cs_request_form`
--

DROP TABLE IF EXISTS `cs_request_form`;
CREATE TABLE IF NOT EXISTS `cs_request_form` (
  `id` int(11) NOT NULL,
  `client_id` int(11) DEFAULT NULL,
  `sale_id` int(11) DEFAULT NULL,
  `branch_id` int(11) DEFAULT NULL,
  `user_id` int(11) DEFAULT NULL,
  `staff_id` int(11) DEFAULT NULL,
  `barcord` varchar(255) DEFAULT NULL,
  `place_for_pay` int(11) DEFAULT '0',
  `sub_payment_amount` double(30,3) DEFAULT '0.000',
  `total_payment` double(30,3) DEFAULT '0.000',
  `prices_total_num` double(30,3) DEFAULT NULL,
  `prices_totalword` varchar(255) DEFAULT NULL,
  `deposit_precent` float DEFAULT '0',
  `deposit_fixed` float DEFAULT '0',
  `deposit_fixed_word` varchar(255) DEFAULT NULL,
  `money_owne` float DEFAULT '0',
  `money_owne_word` varchar(255) DEFAULT NULL,
  `interest_of_owne_precent` float DEFAULT '0',
  `currency` int(11) DEFAULT NULL,
  `discounted` float DEFAULT '0',
  `payment_shipping` float DEFAULT '0',
  `discount_reason` varchar(255) DEFAULT NULL,
  `method` varchar(60) DEFAULT NULL,
  `duration_pay_money` int(11) DEFAULT NULL,
  `duration_pay_money_type` varchar(60) DEFAULT NULL,
  `date_for_payments` date DEFAULT NULL,
  `date_create_request` date DEFAULT NULL,
  `upload_relate_doc` varchar(255) DEFAULT NULL,
  `status` int(11) DEFAULT NULL,
  `total_qty` int(11) DEFAULT '0',
  `is_agree` int(11) DEFAULT NULL,
  `is_give` int(11) DEFAULT NULL,
  `is_break` int(11) DEFAULT NULL,
  `deleted` int(11) DEFAULT NULL,
  `created_at` datetime DEFAULT NULL,
  `updated_at` datetime DEFAULT NULL,
  `deleted_at` timestamp NULL DEFAULT NULL,
  PRIMARY KEY (`id`)
) ENGINE=InnoDB DEFAULT CHARSET=utf8;

--
-- Dumping data for table `cs_request_form`
--

INSERT INTO `cs_request_form` (`id`, `client_id`, `sale_id`, `branch_id`, `user_id`, `staff_id`, `barcord`, `place_for_pay`, `sub_payment_amount`, `total_payment`, `prices_total_num`, `prices_totalword`, `deposit_precent`, `deposit_fixed`, `deposit_fixed_word`, `money_owne`, `money_owne_word`, `interest_of_owne_precent`, `currency`, `discounted`, `payment_shipping`, `discount_reason`, `method`, `duration_pay_money`, `duration_pay_money_type`, `date_for_payments`, `date_create_request`, `upload_relate_doc`, `status`, `total_qty`, `is_agree`, `is_give`, `is_break`, `deleted`, `created_at`, `updated_at`, `deleted_at`) VALUES
(8, 1, 8, 2, 50, 50, NULL, 1, 603.200, 603.200, 603.200, 'six hundred zero three point twenty', 0.3, 180.96, 'one hundred eighty point ninety six', 422.24, 'four hundred twenty two point twenty four', 0.112, 1, 0, 0, NULL, 'sale_by_credit', 6, 'month', '2018-07-06', '2018-07-30', NULL, 1, 2, 1, 0, 0, 1, '2018-07-06 08:07:35', '2019-05-04 02:35:22', NULL),
(9, 1, 9, 2, 50, 50, NULL, 1, 0.000, 0.000, 0.000, NULL, 0.3, 0, NULL, 0, NULL, 0.112, 1, 10, 0, 'Spacail Price', 'sale_by_cash', 0, 'none', '1970-01-01', '1970-01-01', NULL, 1, 22, 0, 0, 0, 1, '2019-01-06 08:01:50', '2019-01-06 08:01:50', NULL),
(11, 8, 11, 2, 50, 50, NULL, 1, 401.200, 401.200, 401.200, 'four hundred zero one', 0.3, 120.36, 'one hundred  twenty', 280.84, 'two hundred eighty one', 0.112, 1, 0, 0, NULL, 'sale_by_credit', 6, 'month', '2018-07-30', '2018-07-10', NULL, 1, 2, 1, 0, 0, 1, '2018-07-10 07:07:37', '2018-07-16 07:19:30', NULL),
(12, 9, 12, 2, 50, NULL, NULL, 1, 0.000, 0.000, 0.000, NULL, 0.3, 649.5, NULL, 1515.5, NULL, 0.112, 1, 0, 0, NULL, 'sale_by_cash', 0, 'none', '1970-01-01', '1970-01-01', NULL, 1, 3, 0, 0, 0, 1, '2018-07-15 06:07:50', '2018-07-15 06:07:50', NULL),
(13, 10, 13, 2, 50, 50, NULL, 1, 1150.000, 1150.000, 1150.000, 'eleven hundred fifty us', 0.3, 345, 'three hundred forty five us', 805, 'eight hundred zero five', 0.112, 1, 0, 0, NULL, 'sale_by_credit', 12, 'month', '2018-07-30', '2018-07-16', NULL, 1, 2, 1, 0, 0, 1, '2018-07-15 06:07:33', '2018-07-16 07:05:25', NULL),
(14, 2, 14, 2, 50, 50, NULL, 1, 0.000, 0.000, 0.000, NULL, 0.3, 0, NULL, 0, NULL, 0.112, 2, 0, 0, NULL, 'sale_by_cash', 0, 'none', '1970-01-01', '1970-01-01', NULL, 1, 2, 0, 0, 0, 1, '2019-01-06 08:01:08', '2019-01-06 08:01:08', NULL),
(23, 12, 23, 2, 50, 50, NULL, 1, 1215.000, 1215.000, 1215.000, 'one thousand  two hundred fifteenth', 0.3, 364.5, 'three hundred sixty four point fifty', 850.5, 'eight hundred fifty', 0.112, 1, 0, 0, NULL, 'sale_by_credit', 12, 'month', '2018-10-01', '2018-09-03', NULL, 1, 1, 1, 0, 0, 1, '2019-03-02 05:03:41', '2019-03-02 17:47:20', NULL),
(24, 13, 24, 2, 50, 50, NULL, 1, 150.000, 150.000, 150.000, 'one hundred fifty', 0.3, 45, 'forty five', 105, 'one hundred zero five', 0.112, 1, 0, 0, NULL, 'sale_by_credit', 6, 'month', '2018-10-01', '2018-09-03', NULL, 1, 1, 1, 0, 0, 1, '2019-03-02 05:03:12', '2019-03-02 17:50:04', NULL),
(25, 15, 25, 2, 50, 50, NULL, 1, 1000.000, 1000.000, 1000.000, 'one thousand', 0.3, 300, 'three hundred', 700, 'seven hundred', 0.112, 1, 0, 0, NULL, 'sale_by_credit', 12, 'month', '2018-04-01', '2018-03-01', NULL, 1, 1, 1, 0, 0, 1, '2019-03-02 05:03:06', '2019-03-02 17:51:32', NULL),
(26, 14, 26, 2, 50, 50, NULL, 1, 265.840, 265.840, 265.840, 'two hundred sixty five point eighty four', 0.3, 79.75, 'seventy nine point seventy five', 186.09, 'one hundred eighty six point zero nine', 0.112, 1, 0, 0, NULL, 'sale_by_credit', 12, 'month', '2018-04-01', '2018-03-01', NULL, 1, 1, 1, 0, 0, 1, '2019-03-02 05:03:19', '2019-03-02 17:52:34', NULL),
(27, 9, 27, 2, 50, 50, NULL, 1, 800.000, 800.000, 800.000, 'eight hundred', 0.3, 240, 'two hundred  fouty', 560, 'five hundred sixty', 0.112, 1, 0, 0, NULL, 'sale_by_credit', 6, 'month', '2018-10-04', '2018-09-01', NULL, 1, 1, 1, 0, 0, 1, '2019-03-02 05:03:56', '2019-03-02 17:54:32', NULL),
(28, 0, 28, 2, 50, 50, NULL, 1, 0.000, 0.000, 0.000, NULL, 0.3, 0, NULL, 0, NULL, 0.112, 2, 10, 0, 'Spacail Price', 'sale_by_cash', 0, 'none', '1970-01-01', '1970-01-01', NULL, 1, 1, 0, 0, 0, 1, '2019-03-03 09:03:17', '2019-03-03 09:03:17', NULL),
(29, 10, 29, 2, 50, 50, NULL, 1, 150.000, 150.000, 150.000, 'xfSD', 0.3, 45, 'dsfs', 105, 'sgfadsf', 0.112, 1, 0, 0, NULL, 'sale_by_credit', 6, 'month', '2018-10-01', '2018-09-01', NULL, 1, 1, 1, 0, 0, 1, '2019-03-03 09:03:51', '2019-03-19 15:42:55', NULL),
(30, 18, 30, 2, 50, 50, NULL, 1, 1215.000, 1215.000, 1220.000, 'one thousand two hundred fifteen', 0.4, 488, 'four hundred eighty six', 732, 'seven hundred twenty nine', 0.112, 1, 0, 5, NULL, 'sale_by_credit', 6, 'month', '2018-11-01', '2018-10-05', NULL, 1, 1, 1, 0, 0, 1, '2019-03-22 03:03:28', '2019-03-23 03:18:10', NULL),
(33, 11, 33, 2, 50, 50, NULL, 1, 878.510, 931.680, 801.860, 'eighty hundred zero one point eighty six', 0.6, 481.12, 'four hundred eighty one point twenty', 320.74, 'three hundred twenty point seventy four', 0.112, 1, 10, 10, 'Spacail Price', 'sale_by_credit', 12, 'month', '2019-03-30', '2019-03-28', NULL, 1, 4, 1, 0, 0, 1, '2019-03-28 03:03:14', '2019-04-03 01:35:48', NULL),
(34, 11, 34, 2, 50, 50, NULL, 1, 140.000, 140.000, 140.000, 'one hundred fourty', 0.8, 112, 'one hundred twelfth', 28, 'twenty eight', 0.112, 1, 0, 0, NULL, 'sale_by_credit', 6, 'month', '2019-04-04', '2019-04-03', NULL, 1, 2, 1, 0, 0, 1, '2019-04-02 08:04:34', '2019-04-02 08:53:39', NULL),
(35, 13, 35, 2, 50, 50, NULL, 1, 265.840, 265.840, 265.840, NULL, 0.3, 79.75, NULL, 186.09, NULL, 0.112, 1, 0, 0, NULL, 'sale_by_credit', 6, 'month', '2019-04-05', '2019-04-04', NULL, 1, 1, 1, 0, 0, 1, '2019-04-02 09:04:03', '2019-04-02 09:17:34', NULL),
(36, 14, 36, 2, 50, 50, NULL, 1, 1215.000, 1215.000, 1215.000, NULL, 0.3, 364.5, NULL, 850.5, NULL, 0.112, 1, 0, 0, NULL, 'sale_by_credit', 6, 'month', '2019-04-05', '2019-04-04', NULL, 1, 1, 1, 0, 0, 1, '2019-04-03 06:04:43', '2019-04-03 06:21:19', NULL),
(37, 1, 37, 2, 50, 50, NULL, 1, 150.000, 150.000, 150.000, NULL, 0.3, 45, NULL, 105, NULL, 0.112, 1, 0, 0, NULL, 'sale_by_credit', 6, 'month', '2019-04-26', '2019-04-25', NULL, 1, 1, 1, 0, 0, 1, '2019-04-24 02:04:56', '2019-04-29 05:17:02', NULL),
(38, 11, 38, 2, 50, 50, NULL, 1, 2580.000, 2580.000, 2580.000, NULL, 0.3, 774, NULL, 1806, NULL, 0.112, 1, 0, 0, NULL, 'sale_by_credit', 6, 'month', '2019-04-25', '2019-04-26', NULL, 1, 3, 1, 0, 0, 1, '2019-04-24 02:04:59', '2019-04-24 02:46:36', NULL),
(39, 1, 39, 2, 50, 50, NULL, 1, 815.000, 815.000, 815.000, NULL, 0.3, 244.5, NULL, 570.5, NULL, 0.112, 1, 0, 0, NULL, 'sale_by_credit', 6, 'month', '2019-04-30', '2019-04-29', NULL, 1, 2, 1, 0, 0, 1, '2019-04-29 05:04:34', '2019-04-29 05:22:04', NULL),
(40, 16, 40, 2, 50, 50, NULL, 1, 3380.000, 3380.000, 3380.000, NULL, 0.3, 1014, NULL, 2366, NULL, 0.112, 1, 0, 0, NULL, 'sale_by_credit', 6, 'month', '2019-05-05', '2019-05-03', NULL, 1, 4, 1, 0, 0, 1, '2019-05-03 04:05:01', '2019-05-03 04:06:16', NULL),
(41, 21, 41, 2, 50, 50, NULL, 1, 1600.000, 1600.000, 1605.200, NULL, 0.7, 1123.64, NULL, 481.56, NULL, 0.112, 1, 0, 0, NULL, 'sale_by_credit', 6, 'month', '2019-05-20', '2019-05-17', NULL, 1, 3, 1, 0, 0, 1, '2019-05-17 08:05:06', '2019-05-25 07:50:04', NULL),
(43, 21, 43, 2, 54, 54, NULL, 1, 300.000, 300.000, 300.000, NULL, 0.3, 90, NULL, 210, 'បីរយដុកល្លា', 0.112, 1, 0, 0, NULL, 'sale_by_credit', 6, 'month', '2019-06-08', '2019-05-18', NULL, 1, 1, 1, 0, 0, 1, '2019-05-18 03:05:58', '2019-05-18 04:07:38', NULL);

-- --------------------------------------------------------

--
-- Table structure for table `cs_settings`
--

DROP TABLE IF EXISTS `cs_settings`;
CREATE TABLE IF NOT EXISTS `cs_settings` (
  `key` varchar(255) COLLATE utf8_unicode_ci NOT NULL,
  `value` varchar(255) COLLATE utf8_unicode_ci NOT NULL,
  PRIMARY KEY (`key`)
) ENGINE=InnoDB DEFAULT CHARSET=utf8 COLLATE=utf8_unicode_ci;

--
-- Dumping data for table `cs_settings`
--

INSERT INTO `cs_settings` (`key`, `value`) VALUES
('1', '0');

-- --------------------------------------------------------

--
-- Table structure for table `cs_settings_tax`
--

DROP TABLE IF EXISTS `cs_settings_tax`;
CREATE TABLE IF NOT EXISTS `cs_settings_tax` (
  `id` int(11) NOT NULL AUTO_INCREMENT,
  `name` varchar(60) COLLATE utf8_unicode_ci DEFAULT NULL,
  `tax_name` varchar(60) COLLATE utf8_unicode_ci DEFAULT NULL,
  `tax_precent` float DEFAULT '0',
  `cumulative` int(11) DEFAULT '0',
  `cs_settings_id` int(11) DEFAULT '0',
  `created_at` datetime DEFAULT NULL,
  `updated_at` datetime DEFAULT NULL,
  `user_id` int(11) DEFAULT '0',
  PRIMARY KEY (`id`)
) ENGINE=MyISAM DEFAULT CHARSET=utf8 COLLATE=utf8_unicode_ci;

-- --------------------------------------------------------

--
-- Table structure for table `cs_sub_clients`
--

DROP TABLE IF EXISTS `cs_sub_clients`;
CREATE TABLE IF NOT EXISTS `cs_sub_clients` (
  `id` int(10) UNSIGNED NOT NULL AUTO_INCREMENT,
  `user_id` int(10) UNSIGNED NOT NULL,
  `mfi_client_id` int(10) UNSIGNED DEFAULT NULL,
  `branch_id` int(11) NOT NULL,
  `client_first_name_kh` varchar(255) COLLATE utf8_unicode_ci DEFAULT NULL,
  `client_second_name_kh` varchar(255) COLLATE utf8_unicode_ci DEFAULT NULL,
  `client_name_kh` varchar(255) COLLATE utf8_unicode_ci DEFAULT NULL,
  `client_first_name_en` varchar(255) COLLATE utf8_unicode_ci DEFAULT NULL,
  `client_second_name_en` varchar(255) COLLATE utf8_unicode_ci DEFAULT NULL,
  `client_name_en` varchar(255) COLLATE utf8_unicode_ci DEFAULT NULL,
  `client_gender` enum('F','M') COLLATE utf8_unicode_ci DEFAULT NULL,
  `client_dob` date DEFAULT NULL,
  `client_phone` varchar(255) COLLATE utf8_unicode_ci DEFAULT NULL,
  `client_nationality` varchar(255) COLLATE utf8_unicode_ci DEFAULT NULL,
  `b_status_live` varchar(255) COLLATE utf8_unicode_ci DEFAULT NULL,
  `client_idcard_no` varchar(255) COLLATE utf8_unicode_ci DEFAULT NULL,
  `client_identify_date` date DEFAULT NULL,
  `client_type_idcard` varchar(255) COLLATE utf8_unicode_ci DEFAULT NULL,
  `client_create_date_idcard` date DEFAULT NULL,
  `client_aprovel_idcard_by` varchar(255) COLLATE utf8_unicode_ci DEFAULT NULL,
  `client_num_st_ho_gr` varchar(255) COLLATE utf8_unicode_ci DEFAULT NULL,
  `client_house_num` varchar(20) COLLATE utf8_unicode_ci DEFAULT NULL,
  `client_group_num` varchar(20) COLLATE utf8_unicode_ci DEFAULT NULL,
  `client_st_num` varchar(20) COLLATE utf8_unicode_ci DEFAULT NULL,
  `client_village` varchar(255) COLLATE utf8_unicode_ci DEFAULT NULL,
  `client_commune` varchar(255) COLLATE utf8_unicode_ci DEFAULT NULL,
  `client_district` varchar(255) COLLATE utf8_unicode_ci DEFAULT NULL,
  `client_province` varchar(255) COLLATE utf8_unicode_ci DEFAULT NULL,
  `client_job` varchar(255) COLLATE utf8_unicode_ci DEFAULT NULL,
  `client_address_job` text COLLATE utf8_unicode_ci,
  `client_time_job` varchar(255) COLLATE utf8_unicode_ci DEFAULT NULL,
  `client_job_profit` varchar(255) COLLATE utf8_unicode_ci DEFAULT NULL,
  `client_lavel` int(11) DEFAULT NULL,
  `client_note` text COLLATE utf8_unicode_ci,
  `client_upload_image` varchar(255) COLLATE utf8_unicode_ci DEFAULT NULL,
  `image_uploade_id_familly` varchar(255) COLLATE utf8_unicode_ci DEFAULT NULL,
  `client_lutidued` varchar(255) COLLATE utf8_unicode_ci DEFAULT NULL,
  `client_longitidute` varchar(255) COLLATE utf8_unicode_ci DEFAULT NULL,
  `mfi_including_guarantees_name` varchar(255) COLLATE utf8_unicode_ci DEFAULT NULL,
  `mfi_including_guarantees_id_card` varchar(20) COLLATE utf8_unicode_ci DEFAULT NULL,
  `mfi_witnesses_one_name` varchar(255) COLLATE utf8_unicode_ci DEFAULT NULL,
  `mfi_witnesses_two_name` varchar(255) COLLATE utf8_unicode_ci DEFAULT NULL,
  `mfi_including_borrower_one_name` varchar(255) COLLATE utf8_unicode_ci DEFAULT NULL,
  `mfi_including_borrower_two_name` varchar(255) COLLATE utf8_unicode_ci DEFAULT NULL,
  `mfi_including_borrower_gender` enum('F','M') COLLATE utf8_unicode_ci DEFAULT NULL,
  `mfi_including_borrower_dob` date DEFAULT NULL,
  `mfi_including_borrower_national` varchar(255) COLLATE utf8_unicode_ci DEFAULT NULL,
  `mfi_including_borrower_id_card` varchar(255) COLLATE utf8_unicode_ci DEFAULT NULL,
  `mfi_including_borrower_type_id_card` varchar(255) COLLATE utf8_unicode_ci DEFAULT NULL,
  `mfi_including_borrower_date_id_card` date DEFAULT NULL,
  `mfi_including_borrower_id_card_leave_by` varchar(255) COLLATE utf8_unicode_ci DEFAULT NULL,
  `relationship` varchar(255) COLLATE utf8_unicode_ci DEFAULT NULL,
  `client_status` int(11) DEFAULT NULL,
  `mif_sub_client_status` varchar(255) COLLATE utf8_unicode_ci DEFAULT '',
  `created_at` timestamp NULL DEFAULT NULL,
  `updated_at` timestamp NULL DEFAULT NULL,
  `deleted_at` timestamp NULL DEFAULT NULL,
  PRIMARY KEY (`id`)
) ENGINE=InnoDB AUTO_INCREMENT=43 DEFAULT CHARSET=utf8 COLLATE=utf8_unicode_ci;

--
-- Dumping data for table `cs_sub_clients`
--

INSERT INTO `cs_sub_clients` (`id`, `user_id`, `mfi_client_id`, `branch_id`, `client_first_name_kh`, `client_second_name_kh`, `client_name_kh`, `client_first_name_en`, `client_second_name_en`, `client_name_en`, `client_gender`, `client_dob`, `client_phone`, `client_nationality`, `b_status_live`, `client_idcard_no`, `client_identify_date`, `client_type_idcard`, `client_create_date_idcard`, `client_aprovel_idcard_by`, `client_num_st_ho_gr`, `client_house_num`, `client_group_num`, `client_st_num`, `client_village`, `client_commune`, `client_district`, `client_province`, `client_job`, `client_address_job`, `client_time_job`, `client_job_profit`, `client_lavel`, `client_note`, `client_upload_image`, `image_uploade_id_familly`, `client_lutidued`, `client_longitidute`, `mfi_including_guarantees_name`, `mfi_including_guarantees_id_card`, `mfi_witnesses_one_name`, `mfi_witnesses_two_name`, `mfi_including_borrower_one_name`, `mfi_including_borrower_two_name`, `mfi_including_borrower_gender`, `mfi_including_borrower_dob`, `mfi_including_borrower_national`, `mfi_including_borrower_id_card`, `mfi_including_borrower_type_id_card`, `mfi_including_borrower_date_id_card`, `mfi_including_borrower_id_card_leave_by`, `relationship`, `client_status`, `mif_sub_client_status`, `created_at`, `updated_at`, `deleted_at`) VALUES
(1, 50, NULL, 2, 'ហ័', 'សី', 'ហ័ សី', 'Hor', 'Si', 'Hor Si', 'M', '1945-05-03', '022-111-245', '1', '0', '35353', NULL, '1', NULL, '1', NULL, '24', '25', '252', 'ភូមិ ៦', 'បឹងកេងកងទី ១', 'កំពង់ត្រាច', 'ខេត្តកំពត', 'Teacher', 'PP', NULL, NULL, 0, 'Teset', '13.jpg', NULL, '252', '362', NULL, NULL, NULL, NULL, NULL, NULL, NULL, NULL, NULL, NULL, NULL, NULL, NULL, NULL, NULL, '', '2019-03-04 01:03:56', '2019-03-04 01:29:56', NULL),
(2, 50, NULL, 2, 'ហ័', 'លៃ', 'ហ័ លៃ', 'Hor', 'Lai', 'Hor Lai', 'M', '1942-04-05', '022-111-222', '1', '0', '2574737', NULL, '1', NULL, '1', NULL, '252', '254', '264', 'ភូមិ ៣', 'គងនយ', 'ដង្កោ', 'ខេត្តបាត់ដំបង', 'Teacher', 'PP', NULL, NULL, 0, NULL, '', NULL, '252', '264', NULL, NULL, NULL, NULL, NULL, NULL, NULL, NULL, NULL, NULL, NULL, NULL, NULL, NULL, NULL, '', '2019-03-05 01:03:16', NULL, NULL),
(3, 50, NULL, 2, 'ហោ', 'ហ័', 'ហោ ហ័', 'Hor', 'Hor', 'Hor Hor', 'M', '1948-07-05', '252-354-363', '1', '0', '2262626', NULL, '1', NULL, '1', NULL, '235', '243', '462', 'ភូមិ ៤', 'បឹងកេងកងទី ២', 'ឱរ៉ាល់', 'ខេត្តកំពង់ស្ពឺ', 'Teacher', 'SR', NULL, NULL, 0, 'test', '', NULL, '262', '362', NULL, NULL, NULL, NULL, NULL, NULL, NULL, NULL, NULL, NULL, NULL, NULL, NULL, NULL, NULL, '', '2019-03-06 00:03:40', NULL, NULL),
(4, 50, NULL, 2, 'មា', 'លា', 'មា លា', 'Mea', 'Lea', 'Mea Lea', 'M', '1954-06-03', '022-111-225', '1', '0', '2562426', NULL, '2', NULL, '1', NULL, '2524', '352', '254', 'ភូមិ ៥', 'បឹងកេងកងទី ៣', 'ល្វាឯម', 'ខេត្តកណ្ដាល', 'Teacher', 'Test', NULL, NULL, 0, 'tese', '13.jpg', NULL, NULL, NULL, NULL, NULL, NULL, NULL, NULL, NULL, NULL, NULL, NULL, NULL, NULL, NULL, NULL, NULL, NULL, '', '2019-03-06 22:03:06', NULL, NULL),
(5, 50, NULL, 2, 'ហ័', 'ស៊ី', 'ហ័ ស៊ី', 'Hor', 'Si', 'Hor Si', 'M', '1944-05-04', '022-111-234', '1', '0', '25443536', NULL, '1', NULL, '1', NULL, '343', '352', '462', 'ភូមិ ៤', 'ត្រពាំងក្រសាំង', 'ពោធិ៍សែនជ័យ', 'ខេត្តបាត់ដំបង', 'teacher', 'pp', NULL, NULL, 0, NULL, '', NULL, NULL, NULL, NULL, NULL, NULL, NULL, NULL, NULL, NULL, NULL, NULL, NULL, NULL, NULL, NULL, NULL, NULL, '', '2019-03-11 21:03:01', NULL, NULL),
(6, 50, NULL, 2, 'ស៊ី', 'ណា', 'ស៊ី ណា', 'Si', 'Na', 'Si Na', 'M', '1949-07-07', '022-111-233', '1', '0', '3453647', NULL, '1', NULL, '1', NULL, '252', '35', '363', 'ភូមិ ៥', 'អូរឫស្សីទី ១', '៧មករា', 'ខេត្តបន្ទាយមានជ័យ', 'Teacher', 'PP', NULL, NULL, 0, 'Test', '12.jpg', NULL, '3252', '2646', NULL, NULL, NULL, NULL, NULL, NULL, NULL, NULL, NULL, NULL, NULL, NULL, NULL, NULL, NULL, '', '2019-03-14 00:03:01', NULL, NULL),
(7, 50, NULL, 2, 'ឡៃ', 'ហ័', 'ឡៃ ហ័', 'Lai', 'Hor', 'Lai Hor', 'M', '1963-06-03', '422-342-522', '1', '0', '2342525', NULL, '1', NULL, '1', NULL, '32', '32', '452', 'ភូមិ ១', 'អូឡាំពិក', 'ចំការមន', 'រាជធានីភ្នំពេញ', 'teat', 'PP', NULL, NULL, 0, 'test', '', NULL, '2342', '3452', NULL, NULL, NULL, NULL, NULL, NULL, NULL, NULL, NULL, NULL, NULL, NULL, NULL, NULL, NULL, '', '2019-03-14 03:03:24', NULL, NULL),
(8, 50, NULL, 2, 'ស៊ី', 'ជីហ័', 'ស៊ី ជីហ័', 'Si', 'Chihor', 'Si Chihor', 'M', '1943-03-03', '123-112-324', '1', '0', '252262', NULL, '1', NULL, '1', NULL, '234', '234', '454', 'ភូមិ ៣', 'បឹងកេងកងទី ២', 'លើកដែក', 'ខេត្តកណ្ដាល', 'Teacher', 'PP', NULL, NULL, 0, 'test', '', NULL, NULL, NULL, NULL, NULL, NULL, NULL, NULL, NULL, NULL, NULL, NULL, NULL, NULL, NULL, NULL, NULL, NULL, '', '2019-05-07 02:05:06', '2019-05-07 02:49:06', NULL),
(9, 50, NULL, 2, 'ស៊ី', 'ណា', 'ស៊ី ណា', 'Si', 'Na', 'Si Na', 'M', '1944-06-07', '022-111-234', '1', '0', '435345', NULL, '1', NULL, '1', NULL, '343', '32', '355', 'ភូមិ ៨', 'បឹងកេងកងទី ២', 'កណ្ដាលស្ទឹង', 'ខេត្តកណ្ដាល', 'Teacher', 'PP', NULL, NULL, 0, 'test', '', NULL, NULL, NULL, NULL, NULL, NULL, NULL, NULL, NULL, NULL, NULL, NULL, NULL, NULL, NULL, NULL, NULL, NULL, '', '2019-03-28 01:03:08', NULL, NULL),
(17, 50, NULL, 2, 'សីន', 'កាកា', 'សីន កាកា', 'Sin', 'Kaka', 'Sin Kaka', 'M', '1945-03-04', '042-673-232-2', '1', '0', '082167373', NULL, '1', NULL, '1', NULL, NULL, NULL, NULL, NULL, NULL, NULL, NULL, NULL, NULL, NULL, NULL, 0, 'lkeleo', '', NULL, NULL, NULL, NULL, NULL, NULL, NULL, NULL, NULL, NULL, NULL, NULL, NULL, NULL, NULL, NULL, NULL, NULL, '', '2019-05-08 21:05:13', NULL, NULL),
(18, 50, NULL, 2, 'ស៊ីស៊ីស៊ី', 'ស៊ីស៊ី', 'ស៊ីស៊ីស៊ី ស៊ីស៊ី', 'Ccc', 'Cc', 'Ccc Cc', 'M', '1943-03-05', '123-123-111-3', '1', '0', '081232778', NULL, '1', NULL, '1', NULL, '21', '12', '112', 'ភូមិ ១', 'បឹងកេងកងទី ១', 'ល្វាឯម', 'ខេត្តកណ្ដាល', 'Teacher', 'PP', NULL, NULL, 0, 'Testttt', '', NULL, NULL, NULL, NULL, NULL, NULL, NULL, NULL, NULL, NULL, NULL, NULL, NULL, NULL, NULL, NULL, NULL, NULL, '', '2019-05-08 21:05:18', NULL, NULL),
(34, 50, NULL, 2, 'test', 'test', 'test test', 'Test', 'Test', 'Test Test', 'M', '1945-07-04', '022-111-2', '1', '0', '56545', NULL, '1', NULL, '1', NULL, NULL, NULL, NULL, NULL, NULL, NULL, NULL, NULL, NULL, NULL, NULL, 0, NULL, '', NULL, NULL, NULL, NULL, NULL, NULL, NULL, NULL, NULL, NULL, NULL, NULL, NULL, NULL, NULL, NULL, NULL, NULL, '', '2019-05-16 02:05:46', NULL, NULL),
(35, 50, NULL, 2, 'ចាន់', 'មូនី', 'ចាន់ មូនី', 'Chan', 'Mony', 'Chan Mony', 'M', '2000-01-01', '012-344-343', '1', '0', '12303832455', '1947-06-06', '1', NULL, '1', NULL, '1', '32', '34', 'ភូមិ ៣', 'បឹងកេងកងទី ៣', 'ចំការមន', 'រាជធានីភ្នំពេញ', 'លក់ដូរ', 'PP', NULL, NULL, 0, NULL, '', NULL, NULL, NULL, NULL, NULL, NULL, NULL, NULL, NULL, NULL, NULL, NULL, NULL, NULL, NULL, NULL, NULL, NULL, '', '2019-05-29 02:05:43', '2019-05-29 02:42:43', NULL),
(36, 50, NULL, 2, 'ស៊ី', 'ស៊ី', 'ស៊ី ស៊ី', 'C', 'C', 'C C', 'M', '1945-05-05', '022-111-2', '1', '0', '068768', NULL, '1', NULL, '1', NULL, NULL, NULL, NULL, NULL, NULL, NULL, NULL, NULL, NULL, NULL, NULL, 0, NULL, '', NULL, NULL, NULL, NULL, NULL, NULL, NULL, NULL, NULL, NULL, NULL, NULL, NULL, NULL, NULL, NULL, NULL, NULL, '', '2019-05-17 19:05:47', NULL, NULL),
(38, 54, NULL, 2, 'លី', 'ថាវរៈ', 'លី ថាវរៈ', 'Ly', 'Thavrak', 'Ly Thavrak', 'M', '1990-04-02', '010-317-722', '1', '0', '010323232', NULL, '1', NULL, '1', NULL, '1', '15', '7', 'ទួលគោក', 'ទួលសង្កែ', 'ឫស្សីកែវ', 'រាជធានីភ្នំពេញ', 'រត់កង់បី', 'ភ្នំពេញ', NULL, NULL, 0, NULL, '', NULL, NULL, NULL, NULL, NULL, NULL, NULL, NULL, NULL, NULL, NULL, NULL, NULL, NULL, NULL, NULL, NULL, NULL, '', '2019-05-25 00:05:22', NULL, NULL),
(42, 50, NULL, 2, 'ស៊ី', 'ណា', 'ស៊ី ណា', 'Si', 'Na', 'Si Na', 'M', '1946-05-07', '022-111-225', '1', '0', '0974656736', NULL, '1', NULL, '1', NULL, '44', '34', '234', 'ភូមិ ៨', 'ស្ទឹងមានជ័យ', 'មានជ័យ', 'ខេត្តកំពង់ឆ្នាំង', 'Teacher', 'PP', NULL, NULL, 0, 'Test', '', NULL, NULL, NULL, NULL, NULL, NULL, NULL, NULL, NULL, NULL, NULL, NULL, NULL, NULL, NULL, NULL, NULL, NULL, '', '2019-05-27 00:05:29', NULL, NULL);

-- --------------------------------------------------------

--
-- Table structure for table `cs_suppliers`
--

DROP TABLE IF EXISTS `cs_suppliers`;
CREATE TABLE IF NOT EXISTS `cs_suppliers` (
  `id` int(11) NOT NULL AUTO_INCREMENT,
  `company_name` varchar(255) DEFAULT NULL,
  `name` varchar(60) DEFAULT NULL,
  `email` varchar(150) DEFAULT NULL,
  `phone` varchar(20) DEFAULT NULL,
  `description` text,
  `images` varchar(255) DEFAULT NULL,
  `user_id` int(11) DEFAULT NULL,
  `status` int(11) DEFAULT '0',
  `address1` text,
  `address2` text,
  `city` varchar(255) DEFAULT NULL,
  `state_or_province` varchar(255) DEFAULT NULL,
  `zip_code` varchar(255) DEFAULT NULL,
  `country` varchar(60) DEFAULT NULL,
  `account_number` varchar(255) DEFAULT NULL,
  `created_at` datetime DEFAULT NULL,
  `updated_at` datetime DEFAULT NULL,
  `deleted` int(11) DEFAULT '0',
  PRIMARY KEY (`id`)
) ENGINE=InnoDB AUTO_INCREMENT=28 DEFAULT CHARSET=utf8;

--
-- Dumping data for table `cs_suppliers`
--

INSERT INTO `cs_suppliers` (`id`, `company_name`, `name`, `email`, `phone`, `description`, `images`, `user_id`, `status`, `address1`, `address2`, `city`, `state_or_province`, `zip_code`, `country`, `account_number`, `created_at`, `updated_at`, `deleted`) VALUES
(24, 'G-gear Cambodia', 'LG Branch Shop Cambodia', 'info@ggear.com.kh', '023 888 299', NULL, '45155443_2204414179770414_1340732714994630656_n.jpg', 54, 1, 'No. 135, Monivong Blvd,', NULL, 'Phnom Penh', 'Phnom Penh', NULL, 'Cambodia', NULL, '2019-05-24 08:05:59', '2019-05-24 08:17:59', 0),
(26, 'SKS Electronocs', NULL, NULL, '023 888 996', 'Electronic', '', 54, 1, '#151 I/152J, Street 134, Sangkat Veal Vong, khan 7 Makara', NULL, 'Phnom Penh', 'Phnom Penh', NULL, 'Cambodia', NULL, '2019-05-24 08:05:18', '2019-05-24 08:11:18', 0),
(27, 'TM Electronic', 'ធី អឺម អេឡិចត្រូនិច​', NULL, '087897989', NULL, '', 54, 1, '#C4, Street 1986, Sangkat Phnom Penh Thmey, Khna Sen Sok', NULL, 'Phnom Penh', 'Phnom Penh', NULL, 'Combodia', NULL, '2019-05-24 08:05:59', '2019-05-24 08:20:59', 0);

-- --------------------------------------------------------

--
-- Table structure for table `cs_third_client`
--

DROP TABLE IF EXISTS `cs_third_client`;
CREATE TABLE IF NOT EXISTS `cs_third_client` (
  `id` int(11) NOT NULL AUTO_INCREMENT,
  `client_id` varchar(60) DEFAULT NULL,
  `sub_client_id` int(11) DEFAULT NULL,
  `branch_id` int(11) DEFAULT NULL,
  `user_id` int(11) DEFAULT NULL,
  `third_client_type_id` int(11) NOT NULL DEFAULT '0',
  `third_kh_name_first` varchar(60) DEFAULT NULL,
  `third_kh_name_last` varchar(60) DEFAULT NULL,
  `third_en_name_first` varchar(60) DEFAULT NULL,
  `third_en_name_last` varchar(60) DEFAULT NULL,
  `third_kh_username` varchar(60) DEFAULT NULL,
  `third_en_username` varchar(60) DEFAULT NULL,
  `third_gender` varchar(60) DEFAULT NULL,
  `third_dob` date DEFAULT NULL,
  `third_nationality` varchar(60) DEFAULT NULL,
  `third_identify_num` varchar(60) DEFAULT NULL,
  `third_identify_type` varchar(60) DEFAULT NULL,
  `third_identify_date` date DEFAULT NULL,
  `third_identify_by` varchar(60) DEFAULT NULL,
  `third_account_number` varchar(255) DEFAULT NULL,
  `third_home_num` varchar(60) CHARACTER SET latin1 DEFAULT NULL,
  `third_group_num` varchar(60) DEFAULT NULL,
  `third_street_num` varchar(60) DEFAULT NULL,
  `third_village` varchar(60) DEFAULT NULL,
  `third_commune` varchar(60) DEFAULT NULL,
  `third_district` varchar(60) DEFAULT NULL,
  `third_province` varchar(60) DEFAULT NULL,
  `third_phone` varchar(60) DEFAULT NULL,
  `third_email` varchar(100) DEFAULT NULL,
  `third_job` varchar(60) DEFAULT NULL,
  `third_place_job` varchar(60) DEFAULT NULL,
  `upload_relate_document` varchar(60) DEFAULT NULL,
  `staff_id` int(11) DEFAULT NULL,
  `status` int(11) DEFAULT NULL,
  `client_status` int(11) DEFAULT NULL,
  `third_description` text,
  `third_latitude` varchar(255) DEFAULT NULL,
  `third_longitude` varchar(255) DEFAULT NULL,
  `deleted` int(11) DEFAULT '0',
  `larvel_client` int(11) DEFAULT NULL,
  `created_at` datetime DEFAULT NULL,
  `updated_at` datetime DEFAULT NULL,
  `deleted_at` datetime DEFAULT NULL,
  PRIMARY KEY (`id`)
) ENGINE=InnoDB AUTO_INCREMENT=8 DEFAULT CHARSET=utf8;

--
-- Dumping data for table `cs_third_client`
--

INSERT INTO `cs_third_client` (`id`, `client_id`, `sub_client_id`, `branch_id`, `user_id`, `third_client_type_id`, `third_kh_name_first`, `third_kh_name_last`, `third_en_name_first`, `third_en_name_last`, `third_kh_username`, `third_en_username`, `third_gender`, `third_dob`, `third_nationality`, `third_identify_num`, `third_identify_type`, `third_identify_date`, `third_identify_by`, `third_account_number`, `third_home_num`, `third_group_num`, `third_street_num`, `third_village`, `third_commune`, `third_district`, `third_province`, `third_phone`, `third_email`, `third_job`, `third_place_job`, `upload_relate_document`, `staff_id`, `status`, `client_status`, `third_description`, `third_latitude`, `third_longitude`, `deleted`, `larvel_client`, `created_at`, `updated_at`, `deleted_at`) VALUES
(4, '20', 34, NULL, 50, 0, 'យ៉ានា', 'កា', 'Ya', 'Neaka', 'Ya Neaka', 'យ៉ានា កា', 'F', '1947-07-07', '1', '087446373', '1', NULL, '1', NULL, '43', '23', '423', 'ភូមិ ៧', 'ប្រទះឡាង', 'ដង្កោ', 'ខេត្តបាត់ដំបង', '098-476-332', NULL, 'Hacker', 'PP', NULL, NULL, NULL, NULL, NULL, NULL, NULL, 0, NULL, NULL, '2019-05-16 09:42:16', NULL),
(7, '21', 35, NULL, 50, 0, 'យ៉ានា', 'កា', 'Yanea', 'Ka', 'Yanea Ka', 'យ៉ានា កា', 'M', '1946-07-05', '1', '0937444', '1', '1947-02-02', '1', NULL, '67', '57', '343', 'ភូមិ ៣', 'បឹងកេងកងទី ៣', 'ចំការមន', 'រាជធានីភ្នំពេញ', '0976865667', NULL, 'Hacker', 'pp', NULL, NULL, NULL, NULL, NULL, NULL, NULL, 0, NULL, NULL, '2019-05-29 09:42:43', NULL);

-- --------------------------------------------------------

--
-- Table structure for table `groups`
--

DROP TABLE IF EXISTS `groups`;
CREATE TABLE IF NOT EXISTS `groups` (
  `id` int(10) UNSIGNED NOT NULL AUTO_INCREMENT,
  `name` varchar(255) COLLATE utf8_unicode_ci NOT NULL,
  `display_name` varchar(255) COLLATE utf8_unicode_ci DEFAULT NULL,
  `description` varchar(255) COLLATE utf8_unicode_ci DEFAULT NULL,
  `created_at` timestamp NULL DEFAULT NULL,
  `updated_at` timestamp NULL DEFAULT NULL,
  PRIMARY KEY (`id`),
  UNIQUE KEY `groups_name_unique` (`name`)
) ENGINE=InnoDB AUTO_INCREMENT=9 DEFAULT CHARSET=utf8 COLLATE=utf8_unicode_ci;

--
-- Dumping data for table `groups`
--

INSERT INTO `groups` (`id`, `name`, `display_name`, `description`, `created_at`, `updated_at`) VALUES
(1, 'administractor', 'Administractor', 'Can Manage In this App ', NULL, '2018-01-02 15:17:58'),
(2, 'sub-administractor', 'Sub Administractor', 'Can Create and Edite and View', NULL, '2017-05-18 14:38:26'),
(7, 'Supper User', 'Supper User', 'all', NULL, '2017-07-13 16:03:43'),
(8, 'developer', 'Developer', 'Developer', NULL, '2018-04-24 03:44:39');

-- --------------------------------------------------------

--
-- Table structure for table `mfi_branch`
--

DROP TABLE IF EXISTS `mfi_branch`;
CREATE TABLE IF NOT EXISTS `mfi_branch` (
  `id` int(11) NOT NULL AUTO_INCREMENT,
  `brand_name` varchar(60) CHARACTER SET utf8 COLLATE utf8_unicode_ci NOT NULL,
  `brand_name_short` varchar(255) NOT NULL,
  `brand_phone` varchar(60) CHARACTER SET utf8 COLLATE utf8_unicode_ci NOT NULL,
  `brand_email` varchar(100) CHARACTER SET utf8 COLLATE utf8_unicode_ci NOT NULL,
  `brand_upload_image` varchar(255) CHARACTER SET utf8 COLLATE utf8_unicode_ci NOT NULL,
  `brand_dis` text CHARACTER SET utf8 COLLATE utf8_unicode_ci NOT NULL,
  `brand_address` text CHARACTER SET utf8 COLLATE utf8_unicode_ci NOT NULL,
  `website` varchar(60) CHARACTER SET utf8 COLLATE utf8_unicode_ci NOT NULL,
  `status` int(11) DEFAULT '0',
  `deleted` int(11) NOT NULL,
  `created_at` timestamp NOT NULL DEFAULT CURRENT_TIMESTAMP ON UPDATE CURRENT_TIMESTAMP,
  `updated_at` timestamp NOT NULL DEFAULT '0000-00-00 00:00:00',
  PRIMARY KEY (`id`),
  KEY `id` (`id`)
) ENGINE=InnoDB AUTO_INCREMENT=5 DEFAULT CHARSET=latin1;

--
-- Dumping data for table `mfi_branch`
--

INSERT INTO `mfi_branch` (`id`, `brand_name`, `brand_name_short`, `brand_phone`, `brand_email`, `brand_upload_image`, `brand_dis`, `brand_address`, `website`, `status`, `deleted`, `created_at`, `updated_at`) VALUES
(2, 'ភំ្នពេញ', 'PN', '010 35 77 22 / 031 482 7777', 'info@kasp.finance', '', 'ភ្នំពេញ', '#62R, St 62 Toul kok village, Sang khat Toul Sangke, Rousey Keo, PhnomPenh', '', 1, 0, '2019-03-13 12:48:45', '2019-03-12 17:00:00'),
(3, 'អង្គតាសោម', 'TK', '010 36 77 22 / 031 592 777 7', 'info@kasp.finance', '', 'អង្គតាសោម', 'Angtasom Commune, Trangkork District, Takeo Privince', '', 1, 0, '2017-12-15 01:38:42', '2016-11-03 03:31:39'),
(4, 'ស្គន់', 'KN', '010 57 77 22 / 088 219 777 7', 'info@kasp.finance', '', 'សាខា ស្គន់', 'Skun Village, So Tip Commune, Cheoung Prey District, Kampong Cham Province', '', 0, 1, '2018-04-30 06:20:46', '2018-01-18 22:15:09');

-- --------------------------------------------------------

--
-- Table structure for table `mfi_group_permission`
--

DROP TABLE IF EXISTS `mfi_group_permission`;
CREATE TABLE IF NOT EXISTS `mfi_group_permission` (
  `group_id` int(10) DEFAULT NULL,
  `permission_id` int(10) UNSIGNED DEFAULT NULL,
  KEY `group_id` (`group_id`,`permission_id`),
  KEY `group_id_2` (`group_id`),
  KEY `permission_id` (`permission_id`),
  KEY `group_id_3` (`group_id`)
) ENGINE=InnoDB DEFAULT CHARSET=latin1;

--
-- Dumping data for table `mfi_group_permission`
--

INSERT INTO `mfi_group_permission` (`group_id`, `permission_id`) VALUES
(8, 25),
(8, 26),
(8, 27),
(8, 28),
(8, 29),
(8, 30),
(8, 31),
(8, 32),
(8, 33),
(8, 34),
(8, 49),
(8, 50),
(8, 51),
(8, 52),
(8, 53),
(8, 55),
(8, 56),
(8, 57),
(8, 58),
(8, 59),
(8, 64),
(8, 65),
(8, 66),
(8, 68),
(8, 69),
(8, 70),
(8, 71),
(8, 72),
(8, 73),
(8, 74),
(8, 75),
(8, 76),
(8, 77),
(8, 78);

-- --------------------------------------------------------

--
-- Table structure for table `mfi_interest_loan`
--

DROP TABLE IF EXISTS `mfi_interest_loan`;
CREATE TABLE IF NOT EXISTS `mfi_interest_loan` (
  `id` int(11) NOT NULL AUTO_INCREMENT,
  `user_id` int(11) NOT NULL,
  `module_interest_id` int(11) NOT NULL,
  `rate_name` varchar(60) COLLATE utf8_unicode_ci DEFAULT NULL,
  `size_money_from` double(20,3) DEFAULT '0.000',
  `size_money_to` double(20,3) DEFAULT '0.000',
  `day_rate_villige` float(20,3) DEFAULT NULL,
  `weekly_rate_villige` float(20,3) DEFAULT NULL,
  `two_weekly_rate_villige` float(20,3) DEFAULT NULL,
  `monthly_rate_villige` float(20,3) DEFAULT NULL,
  `day_rate_brand` float(20,3) DEFAULT NULL,
  `weekly_rate_brand` float(20,3) DEFAULT NULL,
  `two_weekly_brand` float(20,3) DEFAULT NULL,
  `monthly_rate_brand` float(20,3) DEFAULT NULL,
  `duration` varchar(60) COLLATE utf8_unicode_ci DEFAULT NULL,
  `repayment_disction` text COLLATE utf8_unicode_ci,
  `note` text COLLATE utf8_unicode_ci,
  `created_at` datetime DEFAULT NULL,
  `updated_at` datetime DEFAULT NULL,
  `discrition` text COLLATE utf8_unicode_ci,
  `status` int(11) DEFAULT NULL,
  `deleted` int(11) DEFAULT NULL,
  PRIMARY KEY (`id`)
) ENGINE=InnoDB AUTO_INCREMENT=3 DEFAULT CHARSET=utf8 COLLATE=utf8_unicode_ci;

--
-- Dumping data for table `mfi_interest_loan`
--

INSERT INTO `mfi_interest_loan` (`id`, `user_id`, `module_interest_id`, `rate_name`, `size_money_from`, `size_money_to`, `day_rate_villige`, `weekly_rate_villige`, `two_weekly_rate_villige`, `monthly_rate_villige`, `day_rate_brand`, `weekly_rate_brand`, `two_weekly_brand`, `monthly_rate_brand`, `duration`, `repayment_disction`, `note`, `created_at`, `updated_at`, `discrition`, `status`, `deleted`) VALUES
(1, 50, 3, 'table_2', 0.000, 0.000, 0.100, 0.900, 1.800, 3.500, 0.100, 0.900, 1.800, 3.500, '3-6', 'សងទាំងដើមនិងការប្រាក់', 'Repayment All', '2019-05-23 01:05:48', '2019-05-23 01:05:48', 'Repayment All ', 1, 0),
(2, 50, 2, 'table_1', 0.000, 0.000, 0.400, 2.800, 5.800, 11.600, 0.400, 2.800, 5.600, 11.200, '3-6', 'រំលស់', 'អត្រាកាប្រាក់ថ្មី', '2019-05-23 01:05:02', '2019-05-23 01:05:02', NULL, 1, NULL);

-- --------------------------------------------------------

--
-- Table structure for table `mfi_new_interest_rate`
--

DROP TABLE IF EXISTS `mfi_new_interest_rate`;
CREATE TABLE IF NOT EXISTS `mfi_new_interest_rate` (
  `id` int(11) NOT NULL AUTO_INCREMENT,
  `type_dura` int(11) NOT NULL,
  `villige` decimal(20,0) NOT NULL,
  `branch` decimal(20,0) NOT NULL,
  `created_at` date DEFAULT NULL,
  `updated_at` date DEFAULT NULL,
  PRIMARY KEY (`id`)
) ENGINE=MyISAM AUTO_INCREMENT=4 DEFAULT CHARSET=utf8;

--
-- Dumping data for table `mfi_new_interest_rate`
--

INSERT INTO `mfi_new_interest_rate` (`id`, `type_dura`, `villige`, `branch`, `created_at`, `updated_at`) VALUES
(3, 1, '9', '8', '2018-06-06', NULL);

-- --------------------------------------------------------

--
-- Table structure for table `mfi_permission`
--

DROP TABLE IF EXISTS `mfi_permission`;
CREATE TABLE IF NOT EXISTS `mfi_permission` (
  `id` int(11) NOT NULL AUTO_INCREMENT,
  `name` varchar(100) NOT NULL,
  `display_name` varchar(100) NOT NULL,
  `description` text NOT NULL,
  `module` varchar(66) NOT NULL,
  `app_setting` varchar(30) DEFAULT NULL,
  `updated_at` datetime DEFAULT NULL,
  PRIMARY KEY (`id`)
) ENGINE=InnoDB AUTO_INCREMENT=79 DEFAULT CHARSET=latin1;

--
-- Dumping data for table `mfi_permission`
--

INSERT INTO `mfi_permission` (`id`, `name`, `display_name`, `description`, `module`, `app_setting`, `updated_at`) VALUES
(25, 'list-user-groups', 'List User Group', 'View List User groups', 'user-group', NULL, NULL),
(26, 'create-user-groups', 'Create User Group', 'You Can Create User groups', 'user-group', NULL, NULL),
(27, 'edit-user-groups', 'Edit User Group', 'You Can Edit User groups', 'user-group', NULL, NULL),
(28, 'Delete-user-groups', 'Delete User Group', 'You Can Delete User groups', 'user-group', NULL, NULL),
(29, 'list-client-groups', 'List Client Group', 'View List all groups', 'client-group', NULL, NULL),
(30, 'create-client-group', 'Create Client Group', 'Can Create Client Group', 'client-group', NULL, NULL),
(31, 'edit-client-group', 'Edit CLient Group', 'Can Edit CLient Group', 'client-group', NULL, NULL),
(32, 'deleted-client-group', 'Delete Client Group', 'Can Delete Client Group', 'client-group', NULL, NULL),
(33, 'list-client', 'List Client', 'View List all Client', 'client', NULL, NULL),
(34, 'create-client', 'Create Client', 'Can Create Client', 'client', NULL, NULL),
(49, 'credit-committy-list', 'Credit Committy View', '', 'c-committy', NULL, NULL),
(50, 'credit-committy-create', 'Credit Committy Create', '', 'c-committy', NULL, NULL),
(51, 'credit-committy-edit', 'Credit Committy Edit', '', 'c-committy', NULL, NULL),
(52, 'credit-committy-delete', 'Credit Committy Delete', '', 'c-committy', NULL, NULL),
(53, 'sch-generate', 'Generate Schedule', '', 'sch-gener', NULL, NULL),
(55, 'sch-show', 'Show Schedule', '', 'sch-gener', NULL, NULL),
(56, 'list-stuff-cashier', 'List Cashier to Staff ', '', 'staff-to-cashier', NULL, NULL),
(57, 'create-stuff-cashier', 'Create Cashier to Staff ', '', 'staff-to-cashier', NULL, NULL),
(58, 'edit-stuff-cashier', 'Edit Cashier to Staff ', '', 'staff-to-cashier', NULL, NULL),
(59, 'delete-stuff-cashier', 'Delete Cashier to Staff ', '', 'staff-to-cashier', NULL, NULL),
(64, 'list-interest_rate', 'List Interest Rate', '', 'interest_rate', NULL, NULL),
(65, 'create-interest_rate', 'Create Interest Rate', '', 'interest_rate', NULL, NULL),
(66, 'edit-interest_rate', 'Edit Interest Rate', '', 'interest_rate', NULL, NULL),
(68, 'delete-interest_rate', 'Delete Interest Rate', '', 'interest_rate', NULL, NULL),
(69, 'list-brand', 'List Brand', '', 'brand', NULL, NULL),
(70, 'create-brand', 'Create Brand', '', 'brand', NULL, NULL),
(71, 'deletd-brand', 'Delete Brand', '', 'brand', NULL, NULL),
(72, 'edit-brand', 'Edit Brand', '', 'brand', NULL, NULL),
(73, 'exchange-rate', 'Exchange', '', 'exchange_rate', NULL, NULL),
(74, 'edit-exchange-rate', 'Edit Exchange ', '', 'exchange_rate', NULL, NULL),
(75, 'Delete-exchange-rate', 'Delete Exchange ', '', 'exchange_rate', NULL, NULL),
(76, 'developer', 'Developer', 'developer', 'developer', NULL, '2017-07-13 12:02:50'),
(77, 'edit-client', 'Edit Client', 'Can Create Client', 'client', 'credit_sale', NULL),
(78, 'deleted-client', 'Delete Client', 'Can Create Client', 'client', 'credit_sale', NULL);

-- --------------------------------------------------------

--
-- Table structure for table `mfi_positions`
--

DROP TABLE IF EXISTS `mfi_positions`;
CREATE TABLE IF NOT EXISTS `mfi_positions` (
  `id` int(10) UNSIGNED NOT NULL AUTO_INCREMENT,
  `name` varchar(255) COLLATE utf8_unicode_ci NOT NULL,
  `deleted` int(11) NOT NULL,
  `created_at` timestamp NULL DEFAULT NULL,
  `updated_at` timestamp NULL DEFAULT NULL,
  PRIMARY KEY (`id`)
) ENGINE=InnoDB AUTO_INCREMENT=15 DEFAULT CHARSET=utf8 COLLATE=utf8_unicode_ci;

--
-- Dumping data for table `mfi_positions`
--

INSERT INTO `mfi_positions` (`id`, `name`, `deleted`, `created_at`, `updated_at`) VALUES
(1, 'ប្រធានសាខាc', 1, NULL, NULL),
(2, 'មន្រ្តីប្រតិបត្តិ', 0, NULL, NULL),
(3, 'មន្រ្តីឥណទាន', 0, NULL, NULL),
(4, 'គណនេយ្យ', 1, NULL, NULL),
(5, 'គណនេយ្យ', 0, NULL, NULL),
(6, 'ជំនួយការរដ្ឋបាល និងហិរញ្ញវត្ថុ', 0, NULL, NULL),
(7, 'បេឡាករ', 0, NULL, NULL),
(8, 'ប្រធានក្រុមឥណទាន', 0, NULL, NULL),
(9, 'ប្រធានក្រុមប្រឹក្សាភិបាល និងជាអគ្គនាយក', 0, NULL, NULL),
(10, 'អនុប្រធានក្រុមប្រឹក្សាភិបាល និងជាអគ្គនាយករង', 0, NULL, NULL),
(11, 'ក្រុមប្រឹក្សាភិបាល', 0, NULL, NULL),
(12, 'Developer', 0, NULL, NULL),
(13, 'ជំនួយការរដ្ឋបាល និងគណនេយ្យ', 0, NULL, NULL),
(14, 'Sana', 1, NULL, NULL);

-- --------------------------------------------------------

--
-- Table structure for table `mfi_public_holiday`
--

DROP TABLE IF EXISTS `mfi_public_holiday`;
CREATE TABLE IF NOT EXISTS `mfi_public_holiday` (
  `id` int(11) NOT NULL AUTO_INCREMENT,
  `title` varchar(255) DEFAULT NULL,
  `duration` int(11) DEFAULT NULL,
  `start_date` date DEFAULT NULL,
  `end_date` date DEFAULT NULL,
  `discription` varchar(255) DEFAULT NULL,
  `user_id` int(11) DEFAULT NULL,
  `deleted` int(11) DEFAULT NULL,
  `created_at` datetime DEFAULT NULL,
  `updated_at` datetime DEFAULT NULL,
  PRIMARY KEY (`id`)
) ENGINE=MyISAM AUTO_INCREMENT=44 DEFAULT CHARSET=utf8;

--
-- Dumping data for table `mfi_public_holiday`
--

INSERT INTO `mfi_public_holiday` (`id`, `title`, `duration`, `start_date`, `end_date`, `discription`, `user_id`, `deleted`, `created_at`, `updated_at`) VALUES
(1, 'Khmer New Year Day', 3, '2018-04-14', '2018-04-16', 'Khmer New Year Day', 50, NULL, '2018-05-28 04:05:26', '2018-07-24 05:07:25'),
(4, 'Constitutional Day', 1, '2018-09-24', '2018-09-24', 'Constitutional Day', 50, NULL, '2018-07-23 10:07:14', NULL),
(5, 'Pchum Ben Day', 3, '2018-10-08', '2018-10-10', 'Pchum Ben Day', 50, NULL, '2018-07-23 10:07:38', '2018-07-24 05:07:28'),
(6, 'Commemoration Day of King\'s Father, Norodom Sihanouk', 1, '2018-10-15', '2018-10-15', 'Commemoration Day of King\'s Father, Norodom Sihanouk', 50, NULL, '2018-07-24 05:07:09', NULL),
(7, 'Anniversary of the Paris Peace Accord', 1, '2018-10-23', '2018-10-23', 'Anniversary of the Paris Peace Accord', 50, NULL, '2018-07-24 05:07:57', NULL),
(8, 'King\'s Coronation Day, Norodom Sihamoni', 1, '2018-10-29', '2018-10-29', 'King\'s Coronation Day, Norodom Sihamoni', 50, NULL, '2018-07-24 05:07:23', NULL),
(9, 'Independence Day', 1, '2018-11-09', '2018-11-09', 'Independence Day', 50, NULL, '2018-07-24 05:07:48', NULL),
(10, 'Water Festival Ceremony', 3, '2018-11-21', '2018-11-23', 'Water Festival Ceremony', 50, NULL, '2018-07-24 05:07:24', NULL),
(11, 'International Human Rights Day', 1, '2018-12-10', '2018-12-10', 'International Human Rights Day', 50, NULL, '2018-07-24 05:07:03', NULL),
(12, 'International New Year Day', 1, '2018-01-01', '2018-01-01', 'International New Year Day', 50, NULL, '2018-07-24 05:07:55', NULL),
(13, 'Victory over Genocide Day', 1, '2018-01-07', '2018-01-07', 'Victory over Genocide Day', 50, NULL, '2018-07-24 05:07:34', NULL),
(14, 'Meak Bochea Day', 1, '2018-01-31', '2018-01-31', 'Meak Bochea Day', 50, NULL, '2018-07-24 05:07:01', NULL),
(15, 'International Women\'s Day', 1, '2018-03-08', '2018-03-08', 'International Women\'s Day', 50, NULL, '2018-07-24 05:07:34', NULL),
(16, 'Visak Bochea Day', 1, '2018-04-29', '2018-04-29', 'Visak Bochea Day', 50, NULL, '2018-07-24 05:07:03', NULL),
(17, 'International Labor Day', 1, '2018-05-01', '2018-05-01', 'International Labor Day', 50, NULL, '2018-07-24 05:07:30', NULL),
(18, 'Royal Plowing Ceremony', 1, '2018-05-03', '2018-05-03', 'Royal Plowing Ceremony', 50, NULL, '2018-07-24 05:07:59', NULL),
(19, 'King\'s Birthday, Norodom Sihamoni', 3, '2018-05-13', '2018-05-15', 'King\'s Birthday, Norodom Sihamoni', 50, NULL, '2018-07-24 05:07:26', NULL),
(20, 'National Day of Remembrance', 1, '2018-05-20', '2018-05-20', 'National Day of Remembrance', 50, NULL, '2018-07-24 05:07:54', NULL),
(21, 'International Children Day', 1, '2018-06-01', '2018-06-01', 'International Children Day', 50, NULL, '2018-07-24 05:07:25', NULL),
(22, 'King\'s Mother Birthday, Norodom Monineath Sihanouk', 1, '2018-06-18', '2018-06-18', 'King\'s Mother Birthday, Norodom Monineath Sihanouk', 50, NULL, '2018-07-24 05:07:51', NULL),
(23, 'Election Day', 3, '2018-07-28', '2018-07-30', 'Election Day', 50, NULL, '2018-07-24 05:07:05', NULL),
(24, 'International New Year Day', 1, '2019-01-01', '2019-01-01', 'International New Year Day', 50, NULL, '2018-07-24 05:07:35', '2018-07-24 05:07:52'),
(25, 'Meak Bochea Day', 1, '2019-02-19', '2019-02-19', 'Meak Bochea Day', 50, NULL, '2018-07-24 05:07:04', NULL),
(26, 'International Women\'s Day', 1, '2019-03-08', '2019-03-08', 'International Women\'s Day', 50, NULL, '2018-07-24 05:07:45', NULL),
(27, 'Khmer New Year Day', 3, '2019-04-14', '2019-04-17', 'Khmer New Year Day', 50, NULL, '2018-07-24 05:07:54', '2018-07-24 05:07:16'),
(28, 'Victory over Genocide Day', 1, '2019-01-07', '2019-01-07', 'Victory over Genocide Day', 50, NULL, '2018-07-24 05:07:21', NULL),
(29, 'International Labor Day', 1, '2019-05-01', '2019-05-01', 'International Labor Day', 50, NULL, '2018-07-24 05:07:02', '2018-07-24 05:07:35'),
(30, 'King\'s Birthday, Norodom Sihamoni', 3, '2019-05-13', '2019-05-15', 'King\'s Birthday, Norodom Sihamoni', 50, NULL, '2018-07-24 05:07:19', NULL),
(31, 'Visak Bochea Day', 1, '2019-05-18', '2019-05-18', 'Visak Bochea Day', 50, NULL, '2018-07-24 05:07:34', '2018-07-24 05:07:45'),
(32, 'National Day of Remembrance', 1, '2019-05-20', '2019-05-20', 'National Day of Remembrance', 50, NULL, '2018-07-24 05:07:34', NULL),
(33, 'Royal Plowing Ceremony', 1, '2019-05-22', '2019-05-22', 'Royal Plowing Ceremony', 50, NULL, '2018-07-24 05:07:52', NULL),
(34, 'International Children Day', 1, '2019-06-01', '2019-06-01', 'International Children Day', 50, NULL, '2018-07-24 05:07:37', NULL),
(35, 'King\'s Mother Birthday, Norodom Monineath Sihanouk', 1, '2019-06-18', '2019-06-18', 'King\'s Mother Birthday, Norodom Monineath Sihanouk', 50, NULL, '2018-07-24 05:07:16', NULL),
(36, 'Constitutional Day', 24, '2019-09-24', '2019-09-24', 'King\'s Mother Birthday, Norodom Monineath Sihanouk', 50, NULL, '2018-07-24 06:07:10', NULL),
(37, 'Pchum Ben Day', 3, '2019-09-27', '2019-09-30', 'Pchum Ben Day', 50, NULL, '2018-07-24 06:07:25', '2018-07-24 06:07:14'),
(38, 'Commemoration Day of King\'s Father, Norodom Sihanouk', 1, '2019-10-15', '2019-10-15', 'Commemoration Day of King\'s Father, Norodom Sihanouk', 50, NULL, '2018-07-24 06:07:52', NULL),
(39, 'Anniversary of the Paris Peace Accord', 1, '2019-10-23', '2019-10-23', 'Anniversary of the Paris Peace Accord', 50, NULL, '2018-07-24 06:07:54', NULL),
(40, 'King\'s Coronation Day, Norodom Sihamoni', 1, '2019-10-29', '2019-10-29', 'King\'s Coronation Day, Norodom Sihamoni', 50, NULL, '2018-07-24 06:07:26', NULL),
(41, 'Independence Day', 1, '2019-11-09', '2019-11-09', 'Independence Day', 50, NULL, '2018-07-24 06:07:56', NULL),
(42, 'Water Festival Ceremony', 3, '2019-11-10', '2019-11-13', 'Water Festival Ceremony', 50, NULL, '2018-07-24 06:07:41', NULL),
(43, 'International Human Rights Day', 1, '2019-12-10', '2019-12-10', 'International Human Rights Day', 50, NULL, '2018-07-24 06:07:22', NULL);

-- --------------------------------------------------------

--
-- Table structure for table `mfi_public_holiday_reset`
--

DROP TABLE IF EXISTS `mfi_public_holiday_reset`;
CREATE TABLE IF NOT EXISTS `mfi_public_holiday_reset` (
  `id` int(11) NOT NULL AUTO_INCREMENT,
  `mfi_public_holiday_id` int(11) DEFAULT NULL,
  `date_for_holiday` date DEFAULT NULL,
  `note` varchar(255) DEFAULT NULL,
  PRIMARY KEY (`id`)
) ENGINE=MyISAM AUTO_INCREMENT=93 DEFAULT CHARSET=utf8;

--
-- Dumping data for table `mfi_public_holiday_reset`
--

INSERT INTO `mfi_public_holiday_reset` (`id`, `mfi_public_holiday_id`, `date_for_holiday`, `note`) VALUES
(35, 13, '2018-01-07', NULL),
(34, 12, '2018-01-01', NULL),
(33, 1, '2018-04-16', NULL),
(32, 1, '2018-04-15', NULL),
(31, 1, '2018-04-14', NULL),
(9, 4, '2018-09-24', NULL),
(22, 5, '2018-10-10', NULL),
(21, 5, '2018-10-09', NULL),
(20, 5, '2018-10-08', NULL),
(23, 6, '2018-10-15', NULL),
(24, 7, '2018-10-23', NULL),
(25, 8, '2018-10-29', NULL),
(26, 9, '2018-11-09', NULL),
(27, 10, '2018-11-21', NULL),
(28, 10, '2018-11-22', NULL),
(29, 10, '2018-11-23', NULL),
(30, 11, '2018-12-10', NULL),
(36, 14, '2018-01-31', NULL),
(37, 15, '2018-03-08', NULL),
(38, 16, '2018-04-29', NULL),
(39, 17, '2018-05-01', NULL),
(40, 18, '2018-05-03', NULL),
(41, 19, '2018-05-13', NULL),
(42, 19, '2018-05-14', NULL),
(43, 19, '2018-05-15', NULL),
(44, 20, '2018-05-20', NULL),
(45, 21, '2018-06-01', NULL),
(46, 22, '2018-06-18', NULL),
(47, 23, '2018-07-28', NULL),
(48, 23, '2018-07-29', NULL),
(49, 23, '2018-07-30', NULL),
(52, 24, '2019-01-01', NULL),
(53, 25, '2019-02-19', NULL),
(54, 26, '2019-03-08', NULL),
(62, 27, '2019-04-17', NULL),
(61, 27, '2019-04-16', NULL),
(60, 27, '2019-04-15', NULL),
(59, 27, '2019-04-14', NULL),
(63, 28, '2019-01-07', NULL),
(65, 29, '2019-05-01', NULL),
(66, 30, '2019-05-13', NULL),
(67, 30, '2019-05-14', NULL),
(68, 30, '2019-05-15', NULL),
(70, 31, '2019-05-18', NULL),
(71, 32, '2019-05-20', NULL),
(72, 33, '2019-05-22', NULL),
(73, 34, '2019-06-01', NULL),
(74, 35, '2019-06-18', NULL),
(75, 36, '2019-09-24', NULL),
(84, 37, '2019-09-30', NULL),
(83, 37, '2019-09-29', NULL),
(82, 37, '2019-09-28', NULL),
(81, 37, '2019-09-27', NULL),
(80, 38, '2019-10-15', NULL),
(85, 39, '2019-10-23', NULL),
(86, 40, '2019-10-29', NULL),
(87, 41, '2019-11-09', NULL),
(88, 42, '2019-11-10', NULL),
(89, 42, '2019-11-11', NULL),
(90, 42, '2019-11-12', NULL),
(91, 42, '2019-11-13', NULL),
(92, 43, '2019-12-10', NULL);

-- --------------------------------------------------------

--
-- Table structure for table `migrations`
--

DROP TABLE IF EXISTS `migrations`;
CREATE TABLE IF NOT EXISTS `migrations` (
  `id` int(10) UNSIGNED NOT NULL AUTO_INCREMENT,
  `migration` varchar(255) COLLATE utf8mb4_unicode_ci NOT NULL,
  `batch` int(11) NOT NULL,
  PRIMARY KEY (`id`)
) ENGINE=MyISAM DEFAULT CHARSET=utf8mb4 COLLATE=utf8mb4_unicode_ci;

-- --------------------------------------------------------

--
-- Table structure for table `module_interest`
--

DROP TABLE IF EXISTS `module_interest`;
CREATE TABLE IF NOT EXISTS `module_interest` (
  `id` int(10) UNSIGNED NOT NULL AUTO_INCREMENT,
  `user_id` int(11) NOT NULL,
  `name` varchar(255) COLLATE utf8_unicode_ci NOT NULL,
  `display_name_eng` varchar(255) COLLATE utf8_unicode_ci NOT NULL,
  `display_name_kh` varchar(255) COLLATE utf8_unicode_ci NOT NULL,
  `active` int(11) NOT NULL,
  `loan_type` int(11) NOT NULL,
  `description` varchar(255) COLLATE utf8_unicode_ci NOT NULL,
  `created_at` timestamp NULL DEFAULT NULL,
  `updated_at` timestamp NULL DEFAULT NULL,
  PRIMARY KEY (`id`)
) ENGINE=InnoDB AUTO_INCREMENT=4 DEFAULT CHARSET=utf8 COLLATE=utf8_unicode_ci;

--
-- Dumping data for table `module_interest`
--

INSERT INTO `module_interest` (`id`, `user_id`, `name`, `display_name_eng`, `display_name_kh`, `active`, `loan_type`, `description`, `created_at`, `updated_at`) VALUES
(2, 50, 'table_1', 'Old Interest', 'តារាងទី ១៖ អត្រាការប្រាក់ចាស', 1, 1, 'Nothing Permission', '2017-09-05 17:00:00', '2019-05-22 17:00:00'),
(3, 50, 'table_2', 'New Interest', 'តារាងទី ២៖ អត្រាការប្រាក់ថ្មី', 1, 1, 'New Version', '2017-09-26 17:00:00', '2019-05-22 17:00:00');

-- --------------------------------------------------------

--
-- Table structure for table `password_resets`
--

DROP TABLE IF EXISTS `password_resets`;
CREATE TABLE IF NOT EXISTS `password_resets` (
  `user_email` varchar(255) COLLATE utf8_unicode_ci NOT NULL,
  `token` varchar(255) COLLATE utf8_unicode_ci NOT NULL,
  `created_at` timestamp NULL DEFAULT NULL,
  KEY `password_resets_user_email_index` (`user_email`),
  KEY `password_resets_token_index` (`token`)
) ENGINE=InnoDB DEFAULT CHARSET=utf8 COLLATE=utf8_unicode_ci;

-- --------------------------------------------------------

--
-- Table structure for table `rate_percent`
--

DROP TABLE IF EXISTS `rate_percent`;
CREATE TABLE IF NOT EXISTS `rate_percent` (
  `id` int(11) NOT NULL AUTO_INCREMENT,
  `meta_key` text,
  `value_option` char(255) DEFAULT NULL,
  `deleted` int(11) DEFAULT NULL,
  `created_at` datetime DEFAULT NULL,
  `updated_at` datetime DEFAULT NULL,
  PRIMARY KEY (`id`)
) ENGINE=MyISAM AUTO_INCREMENT=5 DEFAULT CHARSET=utf8;

--
-- Dumping data for table `rate_percent`
--

INSERT INTO `rate_percent` (`id`, `meta_key`, `value_option`, `deleted`, `created_at`, `updated_at`) VALUES
(1, 'money', 'khmer', NULL, NULL, '2019-01-06 04:28:01'),
(4, 'money', 'us', NULL, NULL, NULL);

-- --------------------------------------------------------

--
-- Table structure for table `sc_branch_item`
--

DROP TABLE IF EXISTS `sc_branch_item`;
CREATE TABLE IF NOT EXISTS `sc_branch_item` (
  `branch_id` int(11) NOT NULL DEFAULT '0',
  `item_id` int(11) DEFAULT '0',
  `location` varchar(255) DEFAULT NULL,
  `cost_price` double DEFAULT NULL,
  `unit_price` double DEFAULT NULL,
  `promo_price` double DEFAULT NULL,
  `start_date` datetime DEFAULT NULL,
  `end_date` datetime DEFAULT NULL,
  `quantity` double DEFAULT '0',
  `reorder_level` int(11) DEFAULT '0',
  `override_default_tax` int(11) DEFAULT '0',
  `staff_id` int(11) DEFAULT '0',
  `created_at` datetime DEFAULT NULL,
  `updated_at` datetime DEFAULT NULL,
  PRIMARY KEY (`branch_id`),
  KEY `item_id` (`item_id`)
) ENGINE=MyISAM DEFAULT CHARSET=utf8;

-- --------------------------------------------------------

--
-- Table structure for table `sc_branch_item_price_tire`
--

DROP TABLE IF EXISTS `sc_branch_item_price_tire`;
CREATE TABLE IF NOT EXISTS `sc_branch_item_price_tire` (
  `tier_id` int(11) NOT NULL AUTO_INCREMENT,
  `branch_id` int(11) DEFAULT '0',
  `item_id` int(11) DEFAULT '0',
  `unit_price` double DEFAULT NULL,
  `percent_off` double DEFAULT NULL,
  PRIMARY KEY (`tier_id`)
) ENGINE=MyISAM DEFAULT CHARSET=utf8;

-- --------------------------------------------------------

--
-- Table structure for table `sc_branch_item_taxs`
--

DROP TABLE IF EXISTS `sc_branch_item_taxs`;
CREATE TABLE IF NOT EXISTS `sc_branch_item_taxs` (
  `id` int(11) NOT NULL AUTO_INCREMENT,
  `branch_id` int(11) DEFAULT '0',
  `item_id` int(11) DEFAULT '0',
  `name` varchar(255) DEFAULT NULL,
  `percent` double DEFAULT NULL,
  `cumulative` int(11) DEFAULT NULL,
  PRIMARY KEY (`id`)
) ENGINE=MyISAM DEFAULT CHARSET=utf8;

-- --------------------------------------------------------

--
-- Table structure for table `users`
--

DROP TABLE IF EXISTS `users`;
CREATE TABLE IF NOT EXISTS `users` (
  `id` int(10) UNSIGNED NOT NULL AUTO_INCREMENT,
  `branch_id` int(11) DEFAULT NULL,
  `username` varchar(255) COLLATE utf8_unicode_ci DEFAULT NULL,
  `name_kh` varchar(255) COLLATE utf8_unicode_ci DEFAULT NULL,
  `user_code` varchar(250) COLLATE utf8_unicode_ci DEFAULT NULL,
  `position_id` int(11) DEFAULT NULL,
  `user_email` varchar(255) COLLATE utf8_unicode_ci DEFAULT NULL,
  `user_phone` varchar(255) COLLATE utf8_unicode_ci DEFAULT NULL,
  `user_gender` enum('F','M') COLLATE utf8_unicode_ci DEFAULT NULL,
  `user_last_login` datetime DEFAULT NULL,
  `user_last_logout` datetime DEFAULT NULL,
  `user_status` int(11) DEFAULT NULL,
  `password` varchar(255) COLLATE utf8_unicode_ci DEFAULT NULL,
  `photo` varchar(50) COLLATE utf8_unicode_ci DEFAULT NULL,
  `deteted` int(11) DEFAULT NULL,
  `remember_token` varchar(100) COLLATE utf8_unicode_ci DEFAULT NULL,
  `api_token` varchar(255) COLLATE utf8_unicode_ci DEFAULT NULL,
  `created_at` timestamp NULL DEFAULT NULL,
  `updated_at` timestamp NULL DEFAULT NULL,
  PRIMARY KEY (`id`),
  UNIQUE KEY `users_user_email_unique` (`user_email`)
) ENGINE=InnoDB AUTO_INCREMENT=55 DEFAULT CHARSET=utf8 COLLATE=utf8_unicode_ci;

--
-- Dumping data for table `users`
--

INSERT INTO `users` (`id`, `branch_id`, `username`, `name_kh`, `user_code`, `position_id`, `user_email`, `user_phone`, `user_gender`, `user_last_login`, `user_last_logout`, `user_status`, `password`, `photo`, `deteted`, `remember_token`, `api_token`, `created_at`, `updated_at`) VALUES
(50, 2, 'socheat', 'សុជាតិ', '', 12, 'socheat@titb.biz', '016-707-044', 'F', '2019-05-29 06:05:50', '2019-05-18 02:05:08', 1, '$2y$10$t1tYFydr.jgaDJNjodr6he9g0dULeXRM9SI4Z3OxZnFIw0p1Tieju', NULL, 1, '3ldqWYafqulMcjADK3y9aZVrcG9mKlUmaIhxB8oWcHrTnFf80BRnnXhPBbMs', 'eyJ0eXAiOiJKV1QiLCJhbGciOiJIUzI1NiJ9.eyJzdWIiOjUwLCJpc3MiOiJodHRwOi8vbG9jYWxob3N0L2NyZWRpdC1zYWxlL21hcGkxL3B1YmxpYy9hcGkvbG9naW4iLCJpYXQiOjE1MjI5MjQ5MDAsImV4cCI6MTUyMjkyODUwMCwibmJmIjoxNTIyOTI0OTAwLCJqdGkiOiIzYnVLWTR5c1hlcTVnanlwIn0.OR_ZvpYLfrrRlpBnvKTbGF', '2017-07-13 16:07:09', '2018-09-06 00:09:31'),
(52, 2, 'socheat1', 'socheat chhoeun', NULL, 12, 'socheatit1991@gmail.com', '+85-585-218-806', 'M', '2018-09-06 07:09:08', '2018-09-06 07:09:37', 1, '$2y$10$HqX3wrGTn91/YYvqHTZii.DZsGiWlUKs7YIWjKuz7ZiP2.Pg5oIMS', '0026220250_1_1_4.jpg', 1, 'NGfLgo7YeLQNbNcXDkRM3ZPb9mAUBRTUJwfGZ1BRggqEcejkhoEJBW3pijS3', NULL, '2018-09-06 00:09:15', '2018-09-06 00:09:58'),
(53, 2, 'developer', 'អ្នកបង្កើត', NULL, 12, 'socheatit1995@gmail.com', '016-707-044', 'F', '2018-12-28 02:12:16', NULL, 1, '$2y$10$BB3tpao1vnSPR68HiKb6t.RJ0064JSlGnPk1YDkJKVTJNEQVaDZh6', '91d6028c23b501f5fdb08194139b52e4.jpg', 1, NULL, NULL, '2018-11-19 03:11:28', '2018-12-28 07:53:58'),
(54, 2, 'phearum', 'ភារម្យ', NULL, 3, 'phearum@gmail.com', '098-376-463', 'M', '2019-05-25 06:05:44', '2019-05-18 02:05:31', 1, '$2y$10$xXbYWSL0dbKU/Yy3ZH5ZsuSDqHaY4cZm9S9pvJSj4rqj2Yh7LCYPi', NULL, 1, 'bpinvpJvbhJPiHavvIVD8sFYTgtiRFlg8oYsvrQXHHh7wfxfVKslmR6jJIxu', NULL, '2019-05-17 19:05:57', NULL);

-- --------------------------------------------------------

--
-- Table structure for table `user_groups`
--

DROP TABLE IF EXISTS `user_groups`;
CREATE TABLE IF NOT EXISTS `user_groups` (
  `user_id` int(10) UNSIGNED NOT NULL,
  `group_id` int(10) UNSIGNED NOT NULL,
  PRIMARY KEY (`user_id`,`group_id`),
  KEY `user_groups_group_id_foreign` (`group_id`)
) ENGINE=InnoDB DEFAULT CHARSET=utf8 COLLATE=utf8_unicode_ci;

--
-- Dumping data for table `user_groups`
--

INSERT INTO `user_groups` (`user_id`, `group_id`) VALUES
(52, 1),
(50, 8),
(53, 8),
(54, 8);

--
-- Constraints for dumped tables
--

--
-- Constraints for table `user_groups`
--
ALTER TABLE `user_groups`
  ADD CONSTRAINT `user_groups_group_id_foreign` FOREIGN KEY (`group_id`) REFERENCES `groups` (`id`) ON DELETE CASCADE ON UPDATE CASCADE,
  ADD CONSTRAINT `user_groups_user_id_foreign` FOREIGN KEY (`user_id`) REFERENCES `users` (`id`) ON DELETE CASCADE ON UPDATE CASCADE;
COMMIT;

/*!40101 SET CHARACTER_SET_CLIENT=@OLD_CHARACTER_SET_CLIENT */;
/*!40101 SET CHARACTER_SET_RESULTS=@OLD_CHARACTER_SET_RESULTS */;
/*!40101 SET COLLATION_CONNECTION=@OLD_COLLATION_CONNECTION */;
